
-- Одна из популярных СУБД это MySQL. Сайт, примером которой будет wikipedia. 

DROP DATABASE IF EXISTS wikipedia;
CREATE DATABASE wikipedia DEFAULT charset cp1251;
USE wikipedia;

DROP TABLE IF EXISTS users;
CREATE TABLE users (
	id BIGINT UNSIGNED NOT NULL AUTO_INCREMENT PRIMARY KEY, 
    login VARCHAR(50) UNIQUE COMMENT 'Логин',
    email VARCHAR(120) UNIQUE COMMENT 'Почта',
 	password_hash VARCHAR(100) COMMENT 'Пароль',
 	created_at DATETIME DEFAULT CURRENT_TIMESTAMP,
    updated_at DATETIME DEFAULT CURRENT_TIMESTAMP ON UPDATE CURRENT_TIMESTAMP
);

INSERT INTO `users` VALUES ('1','mazie38','dominique.king@gmail.com','7f8b492bed0ffa8417b9b157d1607e888880e960','1972-06-13 04:16:52','2005-10-08 13:47:29'),
('2','tremblay.julien','bkuhic@hotmail.com','62c0ebf5c30a2b89ff0f950ffb62f59a9b4fc91f','1990-08-05 20:19:14','1974-01-22 00:42:23'),
('3','berneice.walter','feil.clarissa@gmail.com','3c6cf5203a82ef8c10cbb0f2a1c21a7d8d5c67d5','1977-02-26 11:24:46','1970-10-27 04:07:22'),
('4','rolando.grant','bradford.hackett@hotmail.com','f0ccbb74adc726d5b77e44edd0d7d317b12ab964','2006-11-07 08:15:51','1986-10-27 05:22:11'),
('5','vhahn','halle.weissnat@hotmail.com','26e0646545a9b04d436368846a9afe0dd3fad675','1977-06-24 02:41:38','1983-01-10 15:22:37'),
('6','dcorwin','eunice.schaefer@yahoo.com','31f635156c509db203e6ef62aca400f8b3dbc880','2019-01-24 14:29:27','1982-02-23 02:24:00'),
('7','hattie.parker','cecelia09@yahoo.com','7973fcd20a7f37af7f2773245f39d7f7dd0a0826','1982-12-17 14:10:24','1996-07-16 02:41:38'),
('8','green.elissa','hbotsford@yahoo.com','071cb1d75fd1661e38715f72bc38e4004ce328bc','1985-07-30 10:57:34','2002-07-18 06:42:49'),
('9','brandt41','jesus.fay@hotmail.com','ea6cac2d9562c9734388e105a4ed403d2e0d53e4','1988-03-05 19:16:09','1976-09-05 07:29:24'),
('10','lakin.royal','simonis.eldon@hotmail.com','85d5aabd7459e0caecc93ed51f17621e622d6bb5','1992-12-13 15:39:33','1992-09-18 07:20:28'),
('11','adams.marguerite','easton.bednar@yahoo.com','693322f4c39a3f2d26ce83d7054543ae4029e361','2003-10-20 16:19:44','2011-04-14 06:40:47'),
('12','dorothy.miller','btorphy@gmail.com','290bcf040f72ae80007c71a58a8a1f6309dc713f','1980-11-12 16:20:09','2016-09-23 03:50:59'),
('13','rozella02','mathilde00@hotmail.com','9051791b7a146b78068b48336730c3fdd2f68b55','1976-08-28 20:07:06','1978-08-03 16:29:57'),
('14','labadie.ivory','marcellus36@yahoo.com','94526b59b55cd14794252ae5837732eb8d437832','1993-01-20 15:21:28','1990-08-08 19:47:48'),
('15','benedict.mcclure','kassulke.lenna@gmail.com','ee2e5394406a82215de92c13741bd5b0a7a85ee5','1999-09-04 06:00:41','2006-04-15 22:11:58'),
('16','felipe.nicolas','alfred58@gmail.com','adca53f6e6ff6bf1d2815e19cef5f5436b529e0b','1982-08-01 10:02:15','1975-11-13 07:00:04'),
('17','cora.mcclure','elenor24@hotmail.com','d5d02029be642cde2043922a9664db40dfde007b','1972-06-28 06:00:11','1984-07-24 12:24:19'),
('18','leora91','eula.spinka@hotmail.com','29ef07a2d975e9a05818e9dec0e0d1d6a12757ff','2012-11-05 18:17:57','2008-09-21 00:24:54'),
('19','kylie.kerluke','vabshire@hotmail.com','fe71ef8cb3e75b0e96d560a5bb528358fdb72e59','2009-08-16 00:50:49','1991-02-21 20:09:36'),
('20','wellington42','gudrun81@gmail.com','432f5b459ed31ec668db3dfc1b2908e46a58f13e','2020-01-06 16:24:48','2020-03-18 21:49:59'),
('21','van29','rhoda30@hotmail.com','11733aaad038970834d864a3a8df007c9c6c1732','2001-12-05 10:24:29','1999-01-29 21:22:41'),
('22','jessica81','xavier.west@hotmail.com','a2582b20c2f0325f4223d4c9c2e66f94614319c6','1982-02-26 18:13:09','1979-03-07 12:50:09'),
('23','smitham.melba','glover.barton@hotmail.com','4951b7f86f76ca62b4dc65e67d8b943c2aba299b','1980-08-09 00:53:50','2001-04-14 06:40:14'),
('24','vbernier','sterling.grimes@yahoo.com','4cf48c7b337930ec01c2cf287c8f660cf0e7b2e3','1982-03-12 21:42:45','2014-08-11 08:09:03'),
('25','jared51','gutmann.jayson@hotmail.com','92dfb8f51e0f3f6c0e53dddd4bd6576b950ee012','2009-08-20 14:44:07','2005-01-11 07:20:52'),
('26','grady.bauch','renner.malcolm@yahoo.com','4cde42ba16f5cf2debe97fcd65d5abae3d61b5ff','2007-01-14 16:57:53','1997-11-15 06:54:38'),
('27','gerlach.lydia','kwisoky@gmail.com','0b652875ef1d1bd1ebc4b1dec183229591a04c83','2019-11-22 10:14:56','1970-02-04 17:37:54'),
('28','aniya40','ashly80@hotmail.com','9397156cdb74d5c0736512a726e749c9f8eedf9c','2008-09-24 13:16:12','1994-08-16 19:57:24'),
('29','o\'reilly.montana','roberta85@gmail.com','3ccd921b52afa833bf4fe9ea602933651b81c077','1983-07-23 13:03:36','1983-08-25 05:01:38'),
('30','salvador.ullrich','nflatley@yahoo.com','ba62416c796ba9d431acf753b0da1b46217ef0d3','1986-06-22 13:32:26','1973-07-03 08:50:12'),
('31','koss.dave','rippin.lawson@hotmail.com','fbd042543aff27163cc3e36abf5b008437697360','1972-09-04 14:02:19','2018-06-25 04:23:28'),
('32','tad17','mariana.turner@gmail.com','06a6a6c7ab5f715edf8441d14be7911f4c86b993','2013-12-27 21:34:50','2003-12-12 01:07:35'),
('33','bruecker','lhaley@yahoo.com','52b5770831f7b3ee4a6ef62bbae87cf94a77509e','1985-01-17 14:24:48','1985-01-17 20:35:07'),
('34','alda.stroman','christophe.haag@gmail.com','43bdbd3c57272f3443728ace6244bb2272aff8dc','2003-10-28 12:28:11','2018-05-08 20:35:58'),
('35','lcummings','kailee.fay@yahoo.com','9328a2286c0fe938c3efc2de8a80318dfbe2ef87','1988-06-17 22:54:45','1970-09-25 20:49:46'),
('36','pinkie.brown','johnston.carmen@hotmail.com','03b98831328dad1f277aff53027d22260d6f1ba4','1977-04-09 09:38:33','1971-12-13 23:30:40'),
('37','merlin.parisian','okuphal@yahoo.com','c2a63f97618f2ddf7cb0b6011e3ed15d97c6cd9f','2011-07-07 13:47:45','1981-03-13 06:20:05'),
('38','jarvis92','jaskolski.sven@hotmail.com','02e68b5a9abe602b7a941e741d3ceb7996353b07','2018-08-03 23:43:35','1978-06-10 12:14:27'),
('39','madisyn.bergnaum','yazmin.dubuque@gmail.com','7e63e1213698aafa20b6a80592d94d147b7536a7','2016-10-11 23:48:34','2006-02-24 18:44:22'),
('40','dupton','vernie92@hotmail.com','c1b6277f1c02f32b69153705ce2d549ada4eb156','1992-09-03 16:55:27','2017-06-08 08:46:17'),
('41','koch.gino','dayne52@gmail.com','5b9eca0d926c3517390301215cc02de632470e3f','2010-05-21 23:24:53','1998-03-16 06:59:53'),
('42','betsy.stark','russel.ulises@gmail.com','46e28c1a17e35d626e7fe81957a128cb88a66122','2010-11-01 07:58:53','2002-07-05 15:00:57'),
('43','patrick.schuppe','xjohnson@gmail.com','2fbdc3aa77e0c834c8f8387accb69a69444aa64f','2011-10-27 09:43:22','2001-03-19 11:46:36'),
('44','bernita54','christy.dickens@hotmail.com','2eeece3eb264d3894dc00407c35c778bc4236e45','1999-03-15 17:41:59','1988-11-27 11:49:07'),
('45','ratke.mack','kulas.jennyfer@hotmail.com','f46777db54e4374eb2adc4b518c13018c968ab1b','1981-12-15 11:01:00','1983-07-14 17:26:03'),
('46','wanda.dubuque','ericka09@yahoo.com','435346471102713c1215e84686a6ba80d237f714','2003-07-30 00:40:29','1992-08-18 07:38:20'),
('47','okunde','npollich@gmail.com','10bd15a2a993237f278ec16188f29c57ff89be9e','2019-02-01 07:20:49','1999-03-01 09:47:37'),
('48','leopoldo.wolf','larson.baron@hotmail.com','8013e259bb4122719a5014f035ed6c7174b1df36','2003-07-23 00:19:51','2000-10-26 19:27:35'),
('49','yost.gene','ibarton@yahoo.com','67a296d4ee8b43bfe78b7d78e5a9af3ff95fd392','1978-01-14 07:57:49','1973-04-18 04:09:30'),
('50','aharber','fleuschke@yahoo.com','abb9043c362e5966585f5ef67e7041e727b962d8','1996-09-19 11:41:58','2018-09-02 22:27:58'),
('51','isobel42','alyson22@yahoo.com','126811131e89db6fca4092b6924534750435d921','1998-04-21 00:09:43','2005-12-20 16:01:26'),
('52','alycia.murphy','benedict67@gmail.com','a863948ad5595abc982e72132036324b39031939','1982-06-03 11:12:25','2019-07-14 00:13:11'),
('53','marlon.kuhlman','considine.shemar@hotmail.com','bc0bc521944ef08db0ba799874a5da71c7a8216f','2020-04-07 18:04:15','1971-11-23 08:02:35'),
('54','lenora93','marielle.lesch@hotmail.com','5cf074b1303789b035bb5606694ff2c655689b97','1977-02-17 14:31:36','2015-11-30 21:23:52'),
('55','waelchi.delta','cornelius32@gmail.com','c20f392a5efe2ce321fe7090ba4142fa82ccb5e5','1987-07-09 16:41:24','1982-10-23 08:52:51'),
('56','veum.laurel','ramiro67@yahoo.com','c7e8d41fa2084981598aaabfa899df1770489cfd','1992-03-15 04:40:25','2020-07-04 02:05:14'),
('57','tyra32','gardner.mckenzie@hotmail.com','c9a6a1caf4ae99a0a48a53e8fe4d817e75508dc8','2001-04-15 21:11:50','1976-02-08 16:54:48'),
('58','kuphal.carolanne','pleannon@gmail.com','01cc12fed63732adcb516c3401a2cbdf6e3b031b','2007-09-16 17:24:09','1970-07-30 23:36:46'),
('59','kurt52','giuseppe.mraz@yahoo.com','a4366d53416635e8e1040ca04c5a7604bf84b945','1996-12-17 10:53:58','2015-12-10 14:27:00'),
('60','mavis.lowe','medhurst.wiley@hotmail.com','df722c431a23c70fe2ce7e3ba3d9d43e836e5a90','1975-11-20 00:15:29','2016-07-21 21:57:06'),
('61','keith77','davis.olin@gmail.com','00689f3e0ef91be8730fd357aefefb0a266bbc9b','1977-12-26 17:57:40','2003-01-25 08:51:27'),
('62','david34','graham.destin@yahoo.com','cebbb8e51420b0f056004682aeeaa31f4abb88ca','2012-01-22 13:06:00','2017-05-16 10:37:15'),
('63','gleason.maxie','jerome.goodwin@yahoo.com','08c4c32a755a6ae0971c6fce7d615ce3692383c7','2020-05-14 22:47:27','2018-12-30 22:33:19'),
('64','aurelia89','dare.delphine@hotmail.com','5990f8edc1963e97e7afb81385217ff01b3b7c1f','1982-03-12 06:41:37','1974-08-11 13:52:42'),
('65','violet95','farrell.reba@yahoo.com','7041df99f792b61e779fda78524d1893e51889fb','2020-01-13 23:59:17','1970-08-06 10:41:47'),
('66','trent93','zfarrell@gmail.com','63d43d6861dec53ed043e38d0bfbecf439706689','1974-08-09 06:16:02','1973-03-10 12:41:40'),
('67','piper19','pansy.o\'kon@yahoo.com','36b9a83a3670c31a3055a97cac908cd757f9eff5','1972-01-13 07:11:46','2018-06-12 22:25:00'),
('68','raegan.ullrich','nikolaus.brendan@hotmail.com','00d781b40b88499a59ccf22044697e8feb2cf774','1975-10-08 21:03:52','1986-11-11 12:28:52'),
('69','shannon13','herbert.hills@hotmail.com','6b7824cb88d2b5f7cca3d7da9fe8661422b8a8b4','2014-02-16 07:10:18','2000-12-11 06:37:38'),
('70','gkutch','ylarkin@hotmail.com','22fed2647fc682a903bcf2fb49ee872674cc606e','1997-03-20 03:59:48','1987-01-09 18:16:59'),
('71','qhoeger','trosenbaum@yahoo.com','c4ef73e69eabfbda384e0a7e3b110a17d9352530','1982-11-14 05:25:50','2011-05-13 06:28:20'),
('72','shanie04','vkuhn@hotmail.com','8b7135e6e187266fe93221a37ec2f00d8ffebaf4','2016-12-13 16:39:43','2006-05-17 08:12:03'),
('73','trowe','tharris@hotmail.com','22f36ccf18b5a7fe3025c213beb52a2b36e666a0','1970-12-12 16:14:53','2011-06-07 08:40:05'),
('74','gleannon','hturcotte@hotmail.com','f03add2b090bb11f5fdd7625561e2a5c9dc845b3','1981-03-13 15:33:31','1996-05-04 10:47:16'),
('75','goyette.raoul','roberts.andrew@gmail.com','e760f6589545bbb0c0bb0e59d336299847665b28','2015-09-12 10:47:08','1979-01-11 10:01:50'),
('76','dessie.swift','delpha.deckow@hotmail.com','44b311c73bdf8ad1906067695fab68ae693cc984','1975-04-23 17:59:08','1976-04-12 04:26:37'),
('77','frankie94','rgoodwin@hotmail.com','659fd3fb045581b1eedfdc0e7ad61e936c4a132f','2007-06-02 04:10:53','1987-02-23 22:28:27'),
('78','hannah20','cameron.glover@yahoo.com','7d628443365e7bd33c3d86b02c72ae4e27694b70','2018-11-22 09:20:29','1983-10-10 00:37:53'),
('79','arussel','loyce36@hotmail.com','11c7543af18e5d824da693e9c449fc99b441d9a0','1974-08-26 13:53:07','1973-12-02 13:27:05'),
('80','ryan.schumm','terrell.boyer@hotmail.com','5c58d683d20b20e9f32ba334306bda60adc57283','1974-11-26 01:39:22','2015-05-20 01:19:57'),
('81','gkerluke','jeramie36@gmail.com','317c2ecafc8415701398ad0d3058ae75d5d8a941','2019-03-13 08:28:02','1990-02-14 22:09:12'),
('82','lakin.daphney','akeem.hoeger@yahoo.com','fe21ed1bc66e520183dc9b95e7b91804c591d06c','1986-01-25 12:20:29','2013-02-21 05:52:20'),
('83','klittle','cathrine69@hotmail.com','a78c632ff6fcf656e68c577a72f35a9d694392ff','2001-08-03 13:07:26','1985-10-19 13:25:39'),
('84','kbednar','gschulist@hotmail.com','47a3026b67ab0c175ba7992311a32142cff15434','1973-07-31 09:40:50','1991-02-22 09:54:02'),
('85','willms.raphaelle','jamil.lehner@gmail.com','7bbe968f1bd3936681ec59b5660e5388b3c5eef5','2003-01-02 04:58:56','1982-09-10 20:47:05'),
('86','medhurst.alayna','abergnaum@yahoo.com','56b28a8a50c08ca78819b9ac1db2c6fb767ed16f','2002-11-15 18:51:26','2008-06-10 17:40:50'),
('87','rosina.predovic','karolann.kuhic@hotmail.com','b31519dacad9c8e6eb01940f9844c3e5b995539c','1975-09-19 23:21:33','1985-07-08 12:47:36'),
('88','abbott.christiana','nraynor@gmail.com','7be541fb1073b9da2902173e2f61528bc44883fd','1982-12-15 07:05:28','1999-07-06 09:33:08'),
('89','josue00','bednar.rebecca@yahoo.com','0b2e10de98802d9e8ce70fa43d3755de4974a550','1999-05-25 10:48:03','2019-04-14 11:48:30'),
('90','sonya15','cade19@gmail.com','4c107cbaae7c5385b28a84a741ad0ce1d7e8468c','1994-01-03 09:42:04','2012-10-15 07:50:48'),
('91','elenor13','earl46@gmail.com','40c7136d4dcae96c995d5b262c1c4c497412d7cb','1985-10-02 05:59:33','1993-09-08 08:36:07'),
('92','ramon14','wjaskolski@hotmail.com','b99e9bb8cd6b6d7dc827656c9e95932091b8ecfc','2005-06-12 05:12:34','2014-04-12 11:40:03'),
('93','strosin.tierra','jayne.moore@gmail.com','bcf10964a6221d6f5d3edaffeae035a9dea7db83','2011-03-03 22:49:29','1985-02-10 00:29:49'),
('94','cole.julie','pat.doyle@yahoo.com','68441981a7a14e30b0112c861dc57660e46d1d83','2017-10-28 18:07:16','2006-04-27 09:55:16'),
('95','rosie47','nigel.stehr@hotmail.com','390422d7db835d2c11ef4e9c7ed661f5dc8f3096','1995-11-24 21:23:10','1985-07-04 09:13:14'),
('96','thalia21','weissnat.arlie@yahoo.com','677fdce1cb23e58326bafb864ce697752fcc73d0','1988-01-24 05:09:55','1991-01-31 21:58:40'),
('97','powlowski.zackery','antonio39@gmail.com','a8276832b8f177eb03d0da99921fa73c1477b7b6','2006-01-17 15:34:57','1976-12-17 03:05:15'),
('98','roosevelt.auer','favian70@yahoo.com','8f1bce574b0b62a25ea3357d3d6ff0b37024ce7e','2018-08-01 23:57:05','1992-08-11 06:34:13'),
('99','braulio37','nigel35@gmail.com','cc49e6b4c09c2fb021bdfbf28cc4a781b2a477b5','1973-11-22 14:46:35','2016-08-06 19:41:06'),
('100','max.reichel','adams.earl@yahoo.com','d2f35838d25bdc124484596683e0622a755a62d7','1999-06-05 14:59:15','1998-05-13 15:14:09'),
('101','jimmie71','vmurazik@hotmail.com','1cc34776562feff0d485477f3fd5a15b3af517db','2013-12-19 05:52:34','1986-10-20 19:11:02'),
('102','kris.larkin','sigrid86@yahoo.com','3d14a283a4cefaac68c6acdc23cf3dd93988c5af','2004-12-08 12:09:06','1987-09-29 09:22:27'),
('103','dane88','ena62@gmail.com','16494d099d9a55baa45dded19c30a76f868f1415','2002-06-26 06:56:03','2004-11-08 02:28:30'),
('104','runolfsson.audie','graham.lonny@hotmail.com','3db5d0f7cd0148a19984c97ff0c0350bd5bd96d9','1977-06-11 03:24:11','1997-08-14 04:11:51'),
('105','elyse.upton','rohan.agustin@hotmail.com','0ecda1d8d2f9821c1cbf2424d95b9cb45ceb28bc','1975-05-25 11:28:51','2006-01-01 23:15:24'),
('106','altenwerth.telly','arlo.blanda@hotmail.com','de20d4320c5459b7220f4ac68f74f53c2afc712d','1987-07-05 22:33:15','1997-02-03 13:47:17'),
('107','bryana.reichel','welch.rigoberto@hotmail.com','c2db02f5af7fd0c92963aa6af7995c69cb52232b','1975-07-03 22:35:23','1988-09-11 18:21:48'),
('108','darrick53','wdonnelly@yahoo.com','5574f35b3390bb61f732730077d4e173ab7f9995','1996-04-10 12:10:11','1979-06-14 07:30:26'),
('109','gillian.swift','swaniawski.lempi@gmail.com','7b0230e559f15d4d6768980f199a2332363364b7','1987-09-07 20:56:36','2007-02-06 03:56:45'),
('110','bhickle','raynor.silas@gmail.com','4fd3e31b956ff78b57a1ab24edd87a60fe129fd3','2001-11-16 09:31:54','1989-08-03 11:40:49'),
('111','macy59','keebler.clemmie@yahoo.com','a200862fcec1f3a991661238739f3efeedb95923','1984-07-07 05:21:23','1999-05-20 07:51:21'),
('112','syble.hamill','ybarrows@gmail.com','ddff0150694faf96a5aca50c3e8e9cc1fdc59530','1981-03-16 09:33:41','1976-12-07 01:01:10'),
('113','sterling.harris','sydnee09@yahoo.com','8cab9a63542ae7fdcb1e66b407ce8f462908b494','2015-04-28 19:24:46','1985-05-08 19:24:39'),
('114','wade26','bsatterfield@hotmail.com','8ddb77be755a1fbe8f8840325e678c907019bdee','2010-04-17 23:19:09','1989-01-05 04:50:47'),
('115','hoppe.zakary','jsawayn@yahoo.com','116da78dbcdfb690a705633be76e2afe77748894','1982-08-15 22:53:36','2002-11-17 18:57:39'),
('116','nikolaus.hayden','joey.baumbach@gmail.com','c1d1f19608eb0d864a30a491f85d7463172e9d53','1990-02-24 09:08:30','1990-10-24 14:41:54'),
('117','pquitzon','cleo29@gmail.com','5bb92a164a29796c7ab1a9a68126c70361d21dfd','1998-01-09 05:01:07','2008-04-15 20:11:49'),
('118','clotilde41','russell.adams@yahoo.com','6f1c31db6741da87c8b2ef6bec316c8aa7aa3b5a','1995-03-12 17:53:19','2010-07-29 13:27:25'),
('119','darrin57','tstehr@hotmail.com','a3cf28498d06a49305aefeddb40db810b4aa02c1','1996-05-19 10:21:51','1988-04-26 14:00:33'),
('120','oran77','terry.winona@hotmail.com','1310930605299eea21bd179e2fb1d3a68bc21d2b','2019-04-09 17:01:12','1979-08-23 17:53:56'),
('121','eliane.leuschke','hershel02@gmail.com','9f606077e270e6da0f9e3a3f2a7f4795783c6361','2003-10-07 20:58:55','2015-02-05 17:13:02'),
('122','grace.barrows','blair.boehm@gmail.com','7505b2f3d193b2f6c296eeaf0bde2e3f365d1f50','2012-11-13 19:14:46','1992-04-28 04:32:58'),
('123','frami.lesley','price.oral@gmail.com','3f46c71916332579879812c3732811c721deee3b','2009-09-15 20:59:58','1976-12-30 03:27:13'),
('124','kuhn.christa','barrett39@hotmail.com','c9c0e953d039bfae770758608206e33af962a5b7','2015-08-13 19:16:55','2020-07-03 23:55:19'),
('125','ljones','kiehn.nico@hotmail.com','43d0e045086a8e6ed078dc2103c25bd4f477c6e8','1984-08-29 22:37:01','1981-01-28 17:47:47'),
('126','oeichmann','qlangworth@yahoo.com','c2df02ac1b547ca190757d2babda681764f7390f','2015-11-15 09:18:49','1971-08-18 19:46:55'),
('127','corkery.nicole','mfeeney@hotmail.com','2e4a10c86209c493f25beffa22d833e29d7c31c4','2006-08-12 21:12:16','1992-11-19 07:39:58'),
('128','emard.maximillia','lo\'conner@yahoo.com','2fd88b09af65702711b5a949bd773f3a1567f2e6','1999-05-20 02:54:39','2011-10-11 22:45:35'),
('129','oterry','jcorwin@hotmail.com','1e9c9fec20cc4421ea6decaf678037553eaaa929','1996-04-12 01:03:36','2002-05-08 19:58:07'),
('130','dbergstrom','hoeger.lera@gmail.com','a1d8c05bde3eedaf814129851670f7464b1b8b44','1976-06-16 17:38:20','1978-04-12 11:27:48'),
('131','mills.lonny','jenkins.brenna@hotmail.com','99d6230929c28dc44ce26e574a51916690c50011','1983-10-20 06:49:25','1985-04-08 04:52:12'),
('132','malinda.hermiston','dhodkiewicz@hotmail.com','e9a9ac9f0345e50ba223f232b1788a2daacfa60e','1980-10-18 01:26:35','1996-12-02 04:43:02'),
('133','boyd.bashirian','ashtyn20@hotmail.com','c8e3e5ddcf324deda16f26092b2b9b6e9c6d1042','1989-02-16 10:41:49','2005-12-27 00:23:00'),
('134','anika68','hpurdy@gmail.com','156cd95db4f95fbf53c0579bdde37ec1229f070a','2017-04-20 03:21:55','1979-03-18 10:43:19'),
('135','stehr.roslyn','collins.sally@yahoo.com','7e8f77c66957e7528cbdf9bb92c2dc82c5c477c9','1990-08-26 22:07:02','1992-04-30 11:55:54'),
('136','purdy.celestine','jalyn.hegmann@hotmail.com','d0d0c0d4653c8cbb4789578d5f08adc437a47574','1986-08-10 00:23:58','1982-11-21 23:04:43'),
('137','bailee.lubowitz','ida45@hotmail.com','f56024b598dd76f5e7960404f1d5cf6d6549a272','1976-03-09 02:23:09','1998-03-01 12:09:02'),
('138','meghan07','carroll.katelynn@gmail.com','cd6640a0cbf0321950ecbeb4197e52267b31a18b','1995-06-14 13:47:37','1976-05-03 03:27:52'),
('139','albin62','rwalker@yahoo.com','d36771e3ad9e4c6c159bda53c3da949b5589d0ca','1976-10-17 23:02:07','2004-07-22 15:44:46'),
('140','delta60','bart.wyman@hotmail.com','9124c082307de6f65b5d8f23ae15408e845baa37','1980-01-18 09:14:17','1995-10-06 20:24:56'),
('141','boyer.danyka','nakia19@yahoo.com','ccf64644a7c1316855117f7522a7273de103f314','1993-01-22 22:03:11','1982-05-26 07:43:52'),
('142','burnice48','heather32@hotmail.com','2e1f7b286cc090e9a3195d7ccc364ae44314dada','1980-02-16 13:28:52','2003-08-23 13:17:31'),
('143','julian.walsh','lwill@gmail.com','0c33065124c429ee601d60460aac2cf483e65dfb','2018-02-18 04:03:34','2000-02-04 21:49:51'),
('144','jacey.hegmann','aiden.hammes@hotmail.com','f98d9168c318d6911d25f49d044360e0f3f0ebe5','1979-08-13 19:03:36','2009-12-16 06:40:12'),
('145','millie63','ignatius92@gmail.com','8087d759c462de2aed918552f64541cfee95ea7b','1993-12-23 03:54:27','2009-02-27 09:21:42'),
('146','kilback.alexys','fpfannerstill@gmail.com','d9a612c38ae7111aab4eb517df3de5653bb37568','2014-09-07 14:34:16','2018-01-06 21:42:43'),
('147','kobe.willms','loyal92@yahoo.com','8ce3c0587aafc21ae4b5c6fef087c1ad78d368a0','2008-12-22 10:43:44','1988-10-28 08:27:15'),
('148','omari13','braeden.lynch@gmail.com','ab7dbdf537f528933817ef6e11e87c35a2318a59','2003-09-30 19:37:55','1981-02-02 03:22:09'),
('149','trycia.white','atoy@gmail.com','058eecacd11fb68e0669a927ac988cd31b158741','2013-07-03 08:00:10','2008-01-02 01:05:08'),
('150','sheila.langosh','kitty49@yahoo.com','5017363e606482d788d31c7462473b0e5fe75948','1978-09-27 06:20:02','2019-10-14 14:53:04'),
('151','hilpert.magdalena','kirlin.titus@yahoo.com','abff23138991a5716d4cca9a28b914f2ad5dd2c3','2014-07-17 21:45:35','1988-07-26 20:54:39'),
('152','garnett.nolan','zmedhurst@gmail.com','8a47b15d7246a75ce308398fa84038ce646d6345','1996-09-10 12:09:58','2006-10-25 11:57:12'),
('153','bgaylord','bridie.sipes@gmail.com','64b2bbb34cc926a28e838cda24aead8151f338d3','1987-06-27 16:40:40','2010-07-07 02:03:47'),
('154','wintheiser.bud','kaylin01@hotmail.com','d51c4bd7a9543e69355e0487a2e38d34ea333d5d','1976-07-26 01:52:33','2019-12-26 09:26:09'),
('155','sporer.kira','bechtelar.enos@gmail.com','1d1feec0e182be64a247a6e22bb994dff5b9afff','2011-08-21 09:22:05','2002-11-02 21:53:17'),
('156','tcole','kayla.monahan@hotmail.com','91fca1d0a1a69f61429fba5666479c44c4d4f8b7','1994-04-06 20:22:58','2004-03-17 00:41:40'),
('157','unique13','justen56@gmail.com','d1ad8bb89edca0ea564e7eba843bfa4c13b5b2fe','1989-09-16 19:42:21','2014-05-31 14:27:46'),
('158','alanna91','amparo.farrell@gmail.com','dd8083d0dd06f65b0b0df523367268e4faa4113a','1998-09-07 13:20:48','2015-09-05 07:20:48'),
('159','lawson11','nhickle@yahoo.com','10ac640328d06d947527b768b0ce4a0aac2a1b33','2020-06-21 14:03:34','2010-09-02 14:32:32'),
('160','lhansen','hollis36@hotmail.com','3c4927910c19e4cd3f60942007e902079df4b7dc','2016-09-16 14:54:17','2006-07-24 05:19:47'),
('161','to\'connell','o\'conner.clarissa@yahoo.com','8751897f68c2b0f55fb6bd5623bd20f77775b8da','1970-03-14 00:12:07','1986-09-10 19:48:51'),
('162','bahringer.jacquelyn','qkreiger@yahoo.com','0350b6aceeb886658cf7ad68c90b48375aedd5fc','2009-01-22 08:56:22','2000-08-15 06:11:27'),
('163','darlene.hackett','yhodkiewicz@yahoo.com','64ee933c1ff6e75cbe59ca54c6b1e57e5a1a3d01','2012-10-02 13:17:27','2008-07-12 05:48:58'),
('164','mkemmer','leffler.tess@hotmail.com','6927959a42bab41ac0934e2ff4ae90f3bacdcd33','2018-03-24 17:54:56','1997-06-15 04:03:50'),
('165','schmeler.fredy','leilani.nader@hotmail.com','1863a73733c1be3ff22afaa3e47f8ffb47c3971b','1972-02-24 02:59:17','1981-06-18 09:03:21'),
('166','kyra.durgan','botsford.rosalyn@gmail.com','3b123ed619584a59b793915763d3b5785a7926b1','1986-12-15 08:43:24','1976-02-08 09:24:15'),
('167','taya.crooks','mlang@yahoo.com','c9b60918e597b24954546196835fc4e357554585','1974-04-09 04:02:02','2011-04-12 10:25:29'),
('168','mariah83','lritchie@hotmail.com','2d7b6caca962a58dc27740e09699bec02fac35b7','1999-07-31 02:04:44','2018-09-21 03:23:01'),
('169','simonis.bernhard','nikolaus.derek@yahoo.com','94e89ddaac52138671d0c69c1c9a5ac9d8c25346','1987-07-02 22:25:49','1984-04-17 03:54:56'),
('170','gutkowski.alessandra','fosinski@hotmail.com','8aed231c3295a14454f285ec09dcdf6d58ac25bb','1994-09-10 14:05:30','1990-08-29 19:59:46'),
('171','ischroeder','elva.bradtke@hotmail.com','b7ea11e19c0d478407e837a13476e0bbb02b28d3','1991-08-11 13:07:46','1972-09-02 11:51:33'),
('172','considine.maya','murray30@gmail.com','3e731831aa9c6c55e1ec9a7a2fd2e1f99f0db259','1970-05-02 17:07:18','1999-10-11 16:16:21'),
('173','jkoch','fgaylord@hotmail.com','41f0fd9b894cf65268dc42502fd83ec1b1c425c0','1980-02-13 12:14:39','1984-06-03 06:00:53'),
('174','uriel.corwin','iblock@hotmail.com','560974887f1fdf553176e13cc576fd996df6748c','1976-04-18 18:36:21','1991-12-19 16:08:14'),
('175','alessia02','kaelyn31@yahoo.com','56b69fdbfa258c05c572d59d44f4c358835ddfb2','1990-03-30 01:12:15','1977-03-15 17:42:51'),
('176','olegros','schmeler.hudson@hotmail.com','eecf36e1212ebef68aeb0c3dd05ed7d357543188','2019-05-21 05:07:41','1973-05-24 17:52:20'),
('177','myrtice.olson','rosa91@yahoo.com','0f88bd336582cb96765632aa762bb3793dd9c294','1992-05-18 12:05:27','2007-06-13 21:17:23'),
('178','arlene.kutch','rickey64@yahoo.com','0b439d8442de2f5fb614a36a506cab652037ff36','2013-10-17 04:24:11','1997-03-05 08:16:02'),
('179','alverta71','oprohaska@gmail.com','18c48b0ad550f4fce5658d17f1789e7bceb177a7','1986-03-07 06:55:18','2004-11-14 13:13:01'),
('180','eriberto.volkman','amayert@hotmail.com','a3cf6b3d58282d22da173b17de9e81cff8d58720','2019-06-23 19:19:24','2001-05-03 10:20:58'),
('181','cbruen','qreynolds@gmail.com','f19412dc0cdbf9e3093dd4bb18815d9292f20aeb','2018-09-04 21:31:33','2006-11-05 07:11:04'),
('182','theodore.o\'connell','deondre65@gmail.com','139f928159c65192f161670d64a4f1214eea2285','1985-12-30 02:41:30','1975-01-12 20:30:05'),
('183','ecronin','eliane22@gmail.com','7b35290535b799ddd5b0c1509a68226422be7c61','2000-02-10 02:56:27','1983-11-09 12:06:17'),
('184','parisian.mack','kautzer.kassandra@hotmail.com','66441558a977653ecef51738cc1bf15c99d1851e','1995-08-01 11:32:51','2019-09-25 19:05:44'),
('185','jameson95','mbradtke@yahoo.com','fa1fc12c9a69c93ae7069ae3f0d72bf45108085b','1996-09-04 11:10:07','1971-05-16 08:00:52'),
('186','kassulke.regan','elvis.nitzsche@hotmail.com','8768ec5d4df3200244c8470a91c506c57a07812b','1973-09-29 01:26:14','2020-02-04 17:58:32'),
('187','jterry','connor89@gmail.com','0c40cd885fbbe59c835f08b1560ab4b8bc159ed3','1996-12-08 01:52:04','1972-08-27 00:53:26'),
('188','phyllis46','daniel.kelly@hotmail.com','cd35e48a16fed17382306ea59cead0388090b11f','2002-10-22 07:21:46','1980-09-05 10:48:18'),
('189','elfrieda70','lowell32@hotmail.com','5a059830ee5a6b57912d353a16d64d8efd1b5b2e','1975-05-25 20:45:49','1983-08-17 18:25:06'),
('190','nickolas.hermiston','gkovacek@gmail.com','dd2227f3e6ccb3394e1ba095283dcefe298f5398','1971-10-09 00:46:03','1981-01-06 02:39:10'),
('191','jillian93','willy.thiel@hotmail.com','02b2be194d15ec600eaa9e809225a0a6993cf7df','2002-10-26 10:36:56','1992-01-06 12:40:06'),
('192','turner.geovany','zfarrell@hotmail.com','a3f5a29821f161a765d16831fde540c3d1ce7011','1997-07-30 10:00:33','1995-04-02 04:33:22'),
('193','marvin.marc','lorine41@gmail.com','b0926b3773e767b9d144a174433c68b13e28fef2','1995-07-26 02:03:08','2018-04-18 21:40:53'),
('194','magdalen.bechtelar','kristy.jones@yahoo.com','1586ec0dbc91bfdc639e43d4f261984eb3b4a435','1980-03-24 19:13:21','2012-03-04 12:10:44'),
('195','jerome48','yrussel@hotmail.com','58d122792ef11d5867b3dac1047e9d5e85155a82','2007-11-13 13:16:28','1978-10-29 13:18:33'),
('196','mayert.stanford','favian.monahan@yahoo.com','a05342f37a24845833f8898c2246046f867953fe','2006-04-16 01:42:30','2001-03-05 19:28:33'),
('197','haylie.hessel','bpagac@hotmail.com','1814483da17f0c10137c4856056b84a741df6e5c','1985-09-14 07:42:08','1986-09-29 15:33:58'),
('198','kaci.lindgren','maxie84@yahoo.com','03bac0251a2e67153b1a98abd51054754494e538','2015-08-09 23:30:45','2001-04-25 06:49:01'),
('199','hboyer','halvorson.clay@hotmail.com','a64cbf8f73061b3d68bbfc341c71bc8c586d6cbf','1972-05-01 10:51:03','1974-05-14 02:37:44'),
('200','mack44','jeramy20@yahoo.com','4cda74f8c3843f2ce42b6a35cedf938b1d279835','1981-10-03 12:25:32','1976-11-30 19:13:32'); 

DROP TABLE IF EXISTS `profiles`;
CREATE TABLE `profiles` (
	user_id BIGINT UNSIGNED NOT NULL UNIQUE,
    body LONGTEXT,
    FOREIGN KEY (user_id) REFERENCES users(id)
);

INSERT INTO `profiles` VALUES ('1','Enim sint tempore incidunt animi. Rem voluptatibus cumque voluptatem ipsum qui. Id et quas illum rerum. Praesentium amet accusantium et ut eos sed inventore.'),
('2','Consequatur error et adipisci dolore. Repudiandae rem architecto labore ullam quia. Commodi qui commodi earum non. Veritatis rerum reprehenderit veritatis voluptas vel doloremque amet.'),
('3','Aut voluptatum doloribus illum sunt optio sunt fugit. Quae enim in ut dolorem commodi dicta illum. Pariatur est officia officia porro tempora. Magnam nostrum sapiente voluptatem fugit in hic.'),
('4','Nobis aliquid perferendis reiciendis voluptatum nobis quam. Qui dolorem enim voluptatem. Deleniti corporis repudiandae quo expedita.'),
('5','Placeat eveniet voluptas autem iste ut ab. Et blanditiis qui ratione acommuliquid. Aperiam et rerum soluta sed nulla consequatur suscipit dolorem.'),
('6','Quia temporibus minima sint asperiores rerum temporibus. Sint ad et et qui aut eveniet aut doloremque. Totam quisquam velit at illo repellat illum. Illo facilis ut quia quis.'),
('7','Voluptatem deserunt eligendi iure dolor quam. Illo et iste aut beatae impedit unde eaque. Accusamus nisi magnam quo quos commodi.'),
('8','Et sint velit aut voluptatum non nesciunt. Dolores ut eaque eius natus corrupti quo. Ex eum beatae aut sit sunt non error et.'),
('9','Consequatur ex cumque aliquam in officiis consequatur. Earum excepturi quam nesciunt suscipit ut eos. Unde eum ratione deleniti animi autem fugit impedit. Necessitatibus veritatis deserunt vel rerum expedita dolor sequi vero.'),
('10','Quisquam natus veniam voluptatem sit iusto non animi. Facilis quas cupiditate odio sunt voluptatibus accusantium. Fugit vel quia suscipit et ipsa. Error est nemo et quis esse.'),
('11','Repellat quam harum quis harum. Harum inventore assumenda quasi quam facilis numquam ipsa. Doloremque voluptas ratione quia in. Tempora odit repellat qui dolorum quidem itaque.'),
('12','Voluptatem sunt quia dolorum minima odit totam quo. Qui quis dolores quo velit quidem provident necessitatibus. Autem ut et velit. Est quis repudiandae eius et harum.'),
('13','Sit harum tempore qui sapiente. Corporis vel voluptas sed itaque est repellat aliquid. Consectetur maxime perferendis provident aut. Possimus et repellendus est placeat eveniet excepturi.'),
('14','Aut nemo vero fugit et natus possimus voluptatem. Ullam temporibus eveniet nemo neque aut ad. Ut quos possimus nam repellat magnam. Voluptates vel atque accusantium non.'),
('15','Qui id et harum et et maiores. Culpa pariatur dicta dolorem est. Reprehenderit ut iure sapiente repudiandae quam in neque. Nesciunt dolorem velit iste ratione accusantium.'),
('16','Maxime sunt aliquam est saepe. Consequatur reprehenderit magnam voluptas ut aut consequatur quia. Alias maxime dolore necessitatibus laudantium occaecati.'),
('17','Voluptatem quis ea quae quasi. Assumenda minima nobis recusandae est.'),
('18','Aliquid ullam deserunt sint. Dolorum et ut et enim. Quidem magni omnis quae vitae quis corporis consequuntur. Sapiente tempora enim accusamus et distinctio. Ad quidem placeat in qui.'),
('19','Repudiandae eos quasi minus ut nobis soluta. Quis blanditiis tenetur est porro quisquam. Et voluptatem et quas modi hic optio autem.'),
('20','Necessitatibus quam eos possimus aut non amet. Error delectus pariatur sunt pariatur. Non voluptatem aliquid placeat et dicta est.'),
('21','Sunt consectetur non molestias numquam nobis. Iste officia assumenda earum magnam ea. Nihil placeat dolore voluptate quae quasi sed nisi veritatis.'),
('22','Rerum blanditiis ratione quaerat odit. Eligendi quaerat ducimus mollitia corporis voluptatum est eveniet. Dolor atque odio molestiae enim cupiditate molestias exercitationem. Pariatur veniam accusamus vero quisquam placeat beatae.'),
('23','Magnam enim totam quibusdam molestiae nobis molestiae natus ducimus. Possimus doloremque commodi ab aliquid eum molestiae quia et. Tempora quos fuga non debitis quas.'),
('24','Quia nihil asperiores consequatur nesciunt tempore. Dicta molestias quibusdam sint ipsa. Sit dolor harum sunt voluptas alias dolorem. Sed dolores optio iste molestiae quod.'),
('25','Quia veritatis sequi cumque labore aut. Molestiae ut autem est rerum odit esse. Enim tempora voluptates dolorem sunt ab dignissimos. Omnis corrupti consequatur perferendis dolores molestias aspernatur.'),
('26','Tempora labore accusamus error. Et et dicta natus blanditiis suscipit maiores. Et aut nobis recusandae praesentium aliquid alias. Accusamus velit odit consequatur omnis aut.'),
('27','Laboriosam perspiciatis eos recusandae voluptatem. Quae quia ut ea magnam placeat. Vero nam soluta magnam molestias dolores aliquam quo. Voluptate laborum et recusandae consequatur dolorum.'),
('28','Voluptatem voluptate sint veritatis maxime temporibus. Enim autem facere et aspernatur aut dolores. Nobis deleniti est molestiae labore.'),
('29','Sequi similique nihil reprehenderit quo sed doloremque. Harum nam est reiciendis accusantium dolorem voluptatibus. Amet provident omnis ad quasi. Mollitia alias consequatur ipsum alias est rerum ex debitis.'),
('30','Est dignissimos excepturi qui quia corrupti quibusdam. Natus reiciendis distinctio occaecati sit id. Alias suscipit sunt voluptates sunt illum repellendus. Ea est ut totam labore.'),
('31','Deleniti et iusto accusamus. Assumenda perspiciatis et saepe aperiam illum officia doloremque. In quos repellat ut molestias.'),
('32','Eius minima libero corporis facere labore porro rem. Et sed illo quod numquam. Dolor saepe excepturi voluptates praesentium soluta.'),
('33','Voluptate et voluptatibus est et. Sed deleniti modi quasi voluptate sequi. Aut ea enim natus numquam voluptas magnam esse.'),
('34','Voluptatibus magni molestias deserunt alias illum qui. Consequatur quia adipisci a vel deleniti. Sit in iure ipsam commodi saepe error. Neque dignissimos omnis vitae dolore.'),
('35','Nemo architecto non ut enim. Recusandae vel consectetur quia perspiciatis dolor. Consequatur ea maiores incidunt esse. Ut deleniti debitis odio et ab laudantium consequuntur.'),
('36','At dicta ut facere. Ipsam dolorum nulla praesentium quia error totam. Perspiciatis repellendus eos aut quos laborum corrupti tenetur magni. Qui deserunt sequi suscipit.'),
('37','Sequi asperiores cum accusamus veniam eos et tenetur totam. Iusto qui ex rerum mollitia. Rerum quaerat asperiores placeat saepe enim facilis assumenda.'),
('38','Deserunt suscipit natus qui nobis. Reprehenderit eos sint deserunt veritatis.'),
('39','Officiis aut odio fugiat expedita libero dicta. Facere corrupti quis a. Blanditiis qui repellat et. Dolores accusamus soluta alias esse maiores. Dicta consectetur et fuga illo recusandae ut magnam veritatis.'),
('40','Voluptatem tempore dolorem et saepe nesciunt. Rerum blanditiis ipsum voluptatem illum velit voluptas autem. Culpa consequuntur eligendi voluptatem rerum. Qui distinctio consequatur magni.'),
('41','Autem nostrum voluptatum itaque aut. Deleniti odio pariatur perferendis aut saepe quod. Et sunt hic est. Rerum molestiae consectetur omnis quis sapiente.'),
('42','Porro ex quisquam molestiae laudantium et labore asperiores. Beatae tempora quia atque soluta accusantium. Quaerat adipisci qui perferendis sit ut. Qui dolor et id eaque.'),
('43','Sit nam eos aut vitae neque odio laudantium est. Reprehenderit aliquam molestias nostrum ut dolorum.'),
('44','Omnis dolorum tenetur est assumenda nam. Et recusandae voluptas illum nulla. Quo et aut nihil eligendi occaecati. Qui dolores tempora facilis.'),
('45','Voluptas est est voluptatem excepturi voluptatem magnam. Corrupti quibusdam sint fugiat natus ea tenetur veniam voluptates. Dolore sed voluptatem distinctio ut eaque sint.'),
('46','Omnis occaecati dignissimos earum ex laudantium ab et. Iure sapiente itaque dignissimos inventore. Qui esse fugiat velit consequatur beatae ullam dolores nulla. Nesciunt rerum aut fugiat et odio corporis sit. Adipisci asperiores at quis nihil.'),
('47','Voluptates inventore sed doloremque at officia animi. Dolor porro repellendus quia recusandae magni. Velit doloremque amet ut assumenda hic.'),
('48','Sit perspiciatis laboriosam non facilis ut quia beatae aliquid. Non sunt fugit est.'),
('49','Voluptas perspiciatis tenetur et debitis qui explicabo. Rerum praesentium molestiae at dolorem. Ab explicabo nam rem consectetur ut sit neque veritatis. Quia et officia quia temporibus assumenda autem quis.'),
('50','Esse quisquam est consectetur provident quis ab quas. Voluptatem quo veniam repellendus et accusamus quis vel. Fugit voluptas dolores ut ullam quasi debitis voluptatem. Iusto illo sint dolores et. Rerum et quis ut vel autem eum.'),
('51','Asperiores eos quod facilis voluptate occaecati necessitatibus repellat. Exercitationem sed at iusto et consequuntur ipsam. Placeat corrupti architecto distinctio laboriosam libero sapiente eum. Voluptas laboriosam ut consequatur molestias ex.'),
('52','Rerum fuga veniam reiciendis dolorum tempore eos aut. Magnam aspernatur similique cupiditate ea voluptatibus magnam eos. Esse perferendis nulla accusantium aperiam laboriosam odio. Fugiat fugiat nemo magnam consequatur architecto occaecati.'),
('53','Est voluptatem harum ipsum totam eaque. Libero et dolorem excepturi et. Maxime quisquam dolorem vero ratione nam id. Est rerum nemo harum maiores ipsum ut.'),
('54','Ipsum deserunt quaerat et nemo omnis eum eveniet nulla. Molestiae molestiae ipsam sed. Culpa porro quod dolor debitis est omnis cum.'),
('55','Alias qui nulla quod itaque maiores et. Expedita sed voluptatem autem. Veniam quia aut qui beatae porro pariatur. Quia voluptatem dolorem nulla odio.'),
('56','Error omnis natus cum optio dolor suscipit impedit reprehenderit. Facilis mollitia consequuntur ab eligendi quisquam quia. Similique error minima aut voluptatibus nihil quisquam. Sed officia sed culpa et iusto laudantium.'),
('57','Et mollitia eligendi reprehenderit aliquam eos. Quis odit eveniet enim voluptatem. Dolorum dolores rerum corrupti harum recusandae dolorem.'),
('58','Ut et veniam maiores quia aliquam culpa et. Alias voluptate magnam reiciendis. Quos minus nobis optio commodi a. Autem quo rem dolor enim perspiciatis perferendis.'),
('59','Et dolorem et dolores. Et nisi magni blanditiis consequatur sequi reiciendis nulla. Quaerat ratione fuga et. Magnam rerum sapiente quae et.'),
('60','Velit accusantium placeat voluptatem voluptatum aut. Voluptate sit quia blanditiis omnis dignissimos. Quidem sapiente earum ratione porro. Quibusdam nesciunt quia iusto velit ad veniam doloribus.'),
('61','Reiciendis suscipit ducimus minima nihil laboriosam possimus et veniam. Sed quis et et eos dolorum maiores. Illum unde ut perferendis quis nihil nihil ducimus. Culpa quam natus aperiam odio.'),
('62','Accusamus id temporibus nulla et. Hic ab in delectus architecto molestiae aut. Iusto quisquam nihil ipsam ut.'),
('63','Laudantium eum qui autem illo voluptatem voluptates eaque. Alias sapiente cum est quis fuga qui sit. Maiores expedita vitae dolor qui.'),
('64','Provident soluta repudiandae velit ducimus laborum. Unde molestias aut corrupti sed corrupti mollitia. Vitae magni et aut blanditiis dolores exercitationem voluptate. Deleniti ipsa asperiores repudiandae eum. Aut rem rem harum sunt exercitationem eum ea.'),
('65','Ipsum saepe id repudiandae dolores non. Sunt omnis sapiente alias a ipsa ipsam. Dolorum tenetur nulla qui quis.'),
('66','Consequuntur voluptatem facere sit qui illum similique et distinctio. Aut dolorem molestiae tenetur voluptates possimus fugit debitis.'),
('67','Sequi molestiae delectus aut quasi. Non autem id modi. Alias distinctio velit dolores qui inventore. Dolores perspiciatis eveniet magni consectetur.'),
('68','A officiis tempore fugit facilis repellendus assumenda quia id. Facilis laborum quae excepturi praesentium voluptatem aspernatur. Libero perspiciatis non libero quidem natus ut.'),
('69','Architecto perspiciatis soluta voluptas omnis ut. Omnis ea esse natus quasi. Suscipit pariatur sit cupiditate non.'),
('70','Ut illo ipsam consequuntur iusto. A velit similique dolor voluptatem amet doloribus. Incidunt fugiat consequatur ratione veniam voluptas ex alias saepe. Et nobis dolorem maxime ut labore impedit. Ea nihil et pariatur odio.'),
('71','Assumenda quam velit at inventore. Sed est minima id officia optio architecto. Placeat natus voluptatibus labore voluptate ipsa voluptatem in. Quo beatae id consequatur eaque praesentium omnis.'),
('72','Voluptates enim ipsam reiciendis molestiae tempora. Excepturi enim nesciunt iure. Totam debitis earum necessitatibus modi sint.'),
('73','A reiciendis vitae soluta autem alias occaecati eaque. Eos et ab suscipit. Rerum facere perferendis aut eum qui iure quibusdam.'),
('74','Adipisci quod eum ut est fugit non eveniet. Doloribus sunt dolores incidunt. Et blanditiis id veniam dolorum consequatur id. Quae consequatur pariatur neque perspiciatis dicta est.'),
('75','Nostrum natus perspiciatis odit sunt. Alias voluptate sit libero iusto fugiat. Veniam illum qui cupiditate ea culpa dolores non.'),
('76','Repellat impedit culpa et a enim consequatur. Ex voluptas aut optio laudantium maiores praesentium. Et officia quam omnis ipsam. Quas aut similique autem nam architecto magni in.'),
('77','Qui sed cum a omnis repellat. Amet consequatur atque id consequatur repudiandae deleniti quis. Deleniti quibusdam odit odio. Molestias sint quaerat temporibus.'),
('78','Sequi atque aut tempora quo. Voluptas quasi error sint asperiores consequatur vel illo. Dolores ut consequatur minima unde ex ea. Quidem aut error cum voluptatem debitis deserunt aut. Ut esse aut et dolorem velit.'),
('79','Quo sequi sequi dolor omnis est praesentium. Aut sequi quod atque adipisci vero ut qui. Earum delectus vero accusantium nam. Aliquid perspiciatis ut ut amet.'),
('80','Qui quia corporis sint deleniti. Voluptatem in sequi et rerum aut voluptas quis. Itaque voluptatum minima dolor labore nemo.'),
('81','Quos dicta pariatur sint qui quibusdam dolore atque esse. Expedita in a ad est architecto amet labore hic. Eum quia vitae rem nihil assumenda. Ut quia architecto explicabo rerum est dignissimos.'),
('82','Libero qui incidunt quam nesciunt nulla. Ipsam sint sit occaecati. Incidunt ab et assumenda facere inventore nesciunt quo. Eum ut et iure numquam.'),
('83','Tempora modi voluptatem magni laboriosam. Adipisci sunt officia eum libero ut. Minima voluptas assumenda id.'),
('84','Omnis et cupiditate fugiat occaecati. Molestias dolorem nisi omnis. Harum ducimus eveniet odit debitis. Id praesentium quaerat voluptas repellendus qui dolor explicabo non.'),
('85','Eos qui qui ut temporibus. Eveniet laborum nostrum quia cumque ducimus hic. Aut autem earum provident alias ut. Ratione amet et odit iure tempora possimus.'),
('86','Non et velit officia. A facere ullam quam magnam accusantium. Sit eum distinctio laboriosam sint.'),
('87','Dolore rerum itaque voluptates ipsum. In aut expedita dignissimos. Laboriosam sint quod molestiae ducimus.'),
('88','Est aspernatur voluptas rerum. Similique facilis est suscipit nulla qui qui. Qui incidunt sed sunt repellat eum saepe tempora alias. Et ratione commodi illum dolores porro laudantium.'),
('89','Quis dolores quasi libero. Et doloribus qui nostrum eum sapiente a. Vero at et rerum quibusdam non. Tempore eos fuga harum qui quidem sit.'),
('90','Aperiam nostrum est dolores. Natus alias maiores ullam laudantium aut omnis non. Et autem cum non. Est vitae veniam accusamus rerum beatae.'),
('91','In atque nostrum odit maiores facilis nobis. Magnam mollitia odit ut molestiae. Recusandae vel itaque omnis minus esse delectus repellat. Hic qui architecto enim voluptate nihil mollitia.'),
('92','Cumque et commodi ut. Nulla similique sed consequatur. Ipsum et placeat voluptatem beatae minima animi.'),
('93','Ut blanditiis commodi ducimus et iure soluta numquam. Distinctio tempore nihil neque alias perferendis facere. Nam tenetur ut numquam. Iusto itaque magni aliquid qui culpa magni.'),
('94','Dignissimos culpa ex fugiat distinctio adipisci. Neque eaque aliquam est dolorem. Laboriosam quia quo itaque voluptatem officia quia.'),
('95','Vel veniam cupiditate sed et. Modi quasi ea quo tempore ea. Quia labore et necessitatibus vel tenetur. Iusto maxime temporibus perspiciatis aliquam delectus.'),
('96','Facere aut iure quisquam voluptatibus. Inventore iure adipisci aliquid sed architecto odit nulla quis. Illum praesentium aut officiis nihil et explicabo quae. Officia ullam quia quasi maxime aperiam blanditiis fuga.'),
('97','Assumenda ex nisi sequi. Dolor magnam omnis non vel rerum accusamus.'),
('98','Error id eius dolore sapiente eligendi consequatur. Sint labore suscipit voluptatibus mollitia enim. Debitis voluptatum temporibus rerum voluptas ut.'),
('99','Officia eaque doloremque voluptas tempora. Animi rerum eius porro dolor veniam rerum eum. Possimus eum aliquid voluptatem voluptatem cum labore. Fugiat neque esse est rem odit reiciendis.'),
('100','Tempore nihil fugiat molestias quia earum eos. Explicabo sit quis id ipsa quaerat voluptatibus. Voluptates quos autem nemo et fuga fuga ad. Voluptatem esse numquam exercitationem nesciunt inventore magnam nisi et. Ad voluptates minima laboriosam temporibus quo natus officiis.'),
('101','Aut omnis sunt animi voluptatum. Quidem consectetur perspiciatis iste doloremque ullam saepe. Quia molestiae quisquam animi quasi perspiciatis. Eum dolorum distinctio quas architecto ducimus qui sunt. Ducimus a iusto ad error.'),
('102','Quisquam fuga commodi atque est ipsam vel. Est quis adipisci quia dignissimos neque. Doloribus dolore accusamus optio vel magnam odit. Quam magnam nesciunt sed deleniti.'),
('103','Deleniti consequatur magni impedit quod. Temporibus eaque suscipit non enim repellendus.'),
('104','Porro magnam quibusdam qui quaerat voluptas beatae. Libero nulla corporis nesciunt aut. Delectus cupiditate dignissimos consectetur consectetur ex optio.'),
('105','Veniam beatae porro repudiandae quasi. Qui qui cupiditate veritatis. Nobis fuga quia accusamus qui tempore. Distinctio alias libero excepturi illo minus dolores quidem.'),
('106','Architecto autem rem quod aperiam reprehenderit. Ut qui voluptatibus unde sint. Dicta in omnis et neque quia et.'),
('107','Iste amet vitae nihil asperiores et sed. Facere qui et temporibus consequatur. Ut blanditiis quisquam qui accusamus ipsum qui. In reiciendis optio totam velit dignissimos reprehenderit quas.'),
('108','Harum odio adipisci et. Ea animi ipsam dolorem fugit. Sequi harum veniam porro autem non.'),
('109','Et quae quia modi aut doloremque. A praesentium dolorem delectus voluptas velit velit. Ullam saepe cum rem aspernatur.'),
('110','Aliquid voluptates voluptatum nam esse molestiae consequatur omnis. Quos et aut sint id itaque aut voluptas temporibus. Debitis nihil et delectus. Saepe neque fugit aut ea possimus consequatur.'),
('111','Delectus asperiores quasi recusandae. Omnis praesentium aut amet qui doloremque consectetur et. Tempora corporis iusto accusantium.'),
('112','Quasi voluptatem inventore harum maxime eaque. Dolorem vel quia ullam ducimus iure et autem. Et fugiat iusto odio. Officia consequatur omnis eligendi perferendis beatae.'),
('113','Iure eius excepturi eaque similique. Quaerat similique dolor deleniti labore cumque facilis. Aut in autem dicta ipsa harum sint. Sed cumque ad necessitatibus.'),
('114','Voluptatum tempora voluptas tempora cupiditate. Expedita quae dolorum non nihil aperiam. Laboriosam nostrum aut rerum amet libero.'),
('115','Mollitia illum quia omnis magnam temporibus dignissimos error sapiente. Aperiam excepturi eligendi commodi iure nam ut voluptate. Quia eum consequatur dicta voluptas. Vel tempore quisquam ut labore.'),
('116','Dicta minus consequatur eius aperiam repudiandae corrupti. Et delectus voluptas velit nostrum sed delectus tempore sint. Voluptatem velit voluptatem recusandae architecto.'),
('117','Voluptatibus similique magnam quasi voluptate possimus odit qui ut. Voluptate quasi in aut nobis dolore ut eos inventore. Magni veritatis libero consequuntur perferendis error et. Animi et delectus aliquid distinctio ut qui.'),
('118','Qui dignissimos voluptatem eligendi enim ratione. Consequatur molestiae sit autem ea. Veritatis ut minima error eos. Velit excepturi explicabo voluptas tempore.'),
('119','Ipsam quae et in. A voluptatum repellat quod autem ut doloremque. Molestiae consequatur placeat est praesentium est molestiae. Laudantium facilis ratione architecto.'),
('120','Ab quo sit tempora accusantium assumenda pariatur ut. Repellendus similique dicta repudiandae nobis voluptatem aut. Odit impedit cum fuga repudiandae vel fugit et. Qui doloribus non neque eius iste aut eum. Dolor tempore officia voluptatem suscipit nisi amet.'),
('121','Voluptatum quo nihil eos est. Qui qui et adipisci aspernatur eligendi. Occaecati consequatur molestiae aut qui mollitia.'),
('122','Quo adipisci magnam et quasi consequuntur unde cumque. Non voluptas ea illum maxime consectetur ratione. Sit culpa id qui omnis beatae nostrum. Dolorem vel quo blanditiis.'),
('123','Voluptas totam nihil et rerum est qui vel ipsa. Iusto eveniet deserunt id et labore dolores molestiae. Error occaecati et dolore qui impedit est nobis.'),
('124','Eum laborum minus dignissimos porro minus vitae. Repudiandae et eaque non quidem. Aliquid qui consequuntur quo qui voluptas quia recusandae.'),
('125','Culpa quia est ut et qui. Rerum aut voluptatem placeat. Provident dolorem velit cupiditate magni ut sit commodi.'),
('126','Laudantium qui id voluptate ut exercitationem. Aperiam mollitia repellat quia et quia dolores laudantium a. Est id quam illo eius quo fugit alias.'),
('127','Voluptatem ullam accusamus et omnis velit. Aspernatur possimus quo sed rem sit et nulla.'),
('128','Omnis sit porro ut odit minima. Saepe sed voluptatum facere cupiditate. Culpa porro sit perferendis natus.'),
('129','Modi quibusdam magni corrupti eaque corporis est saepe. Natus veniam quis consequatur et et distinctio beatae. Dolorum magni veniam et doloribus natus. Necessitatibus saepe corrupti mollitia eaque molestiae.'),
('130','Magnam voluptate dignissimos totam sit impedit ut nemo. Enim et dolorem numquam sunt iste autem. Laborum voluptas voluptatem quidem quod. Maiores aut amet pariatur non omnis voluptatibus.'),
('131','Ut doloribus dolorum quaerat aperiam earum. Quia qui quia quos. Maiores eius quisquam dolorem est id provident odio. Sit vel ratione natus laborum similique.'),
('132','Fugit quae eaque vel doloribus ut a sed. Illo aut labore consequatur est qui. Fugit optio aut molestias voluptas neque error at. Optio est rerum fuga minima.'),
('133','Deserunt iusto quia aliquid assumenda. Debitis occaecati repellat beatae. Id corrupti doloribus exercitationem et. Molestiae ipsum vel perspiciatis a nulla.'),
('134','Voluptate sapiente impedit quod fugiat. Distinctio quasi autem eligendi enim voluptatem. Consequatur quod doloribus ex quia possimus quia ut.'),
('135','Et ut molestias voluptatem et atque. Dignissimos voluptas laborum quam laboriosam quisquam recusandae. Iure sed soluta ipsum reprehenderit minima.'),
('136','Unde consequuntur veritatis sed veniam rerum quia. Sunt sunt quis beatae accusantium.'),
('137','Ut dolore non unde rerum nihil. Velit iusto alias est earum nihil sit. At quaerat sint vel corrupti dolor non. Odio dolor iusto voluptates incidunt qui debitis.'),
('138','Voluptas enim dolores velit consequatur. Ex ab rerum minus voluptatem provident magni eos. Qui rem quod quam hic quam nam et. Consequatur eius enim ut et sit.'),
('139','Inventore sunt quam odit pariatur et quis. Qui error soluta aut esse et et. Ipsum corrupti ea in quidem nisi. Eum voluptas dolorem illum ut quia quo perferendis repellat.'),
('140','Voluptatem ea possimus culpa quia fugit a. Optio incidunt voluptatem fugiat. Tenetur quod aut deserunt aut et libero.'),
('141','Sint earum tenetur qui dolorem. Ut rerum aliquam enim eligendi tempore. Et aut quasi reiciendis quibusdam sapiente dolore quidem.'),
('142','Vitae officiis qui reiciendis magni. In sunt rerum tenetur quis. Totam porro sed cum dolores quo est rerum odio.'),
('143','Aliquam inventore adipisci quia reiciendis sint. Doloribus et et ut autem consequatur. Porro error odit asperiores molestias cumque eum cumque. Placeat consequuntur animi pariatur iste.'),
('144','Architecto exercitationem est recusandae beatae architecto. Est sit quis quia ullam eligendi et voluptatum doloremque. Modi enim est illum expedita quaerat et.'),
('145','Et odio nam officia omnis impedit praesentium. Ipsam similique qui quia cum rem assumenda. Cumque aperiam repellat est eligendi blanditiis. Quia quo recusandae deleniti aspernatur odio.'),
('146','Et vel molestiae dolore laborum rerum. Ducimus debitis quia autem quasi expedita consequatur. Eius quibusdam expedita error occaecati reiciendis dolor velit. Est repellat facere sed omnis delectus et.'),
('147','Dolores libero quaerat et magnam dolorem occaecati qui eos. Architecto consequatur voluptates culpa perferendis. Eaque quia eligendi ad error facere facere.'),
('148','Nam tempore ipsam reiciendis deleniti aperiam. Nisi omnis consequatur occaecati eos eaque. Architecto quia inventore officia est temporibus. Ad eligendi architecto doloremque quia architecto qui dolores aut. Itaque maxime facilis eum facere ratione blanditiis.'),
('149','Enim sit quas et minima autem. Mollitia corporis occaecati eveniet officiis nesciunt delectus.'),
('150','Nulla harum fugiat debitis sint. Quis consequatur ut et voluptatem. Fuga debitis ut in tempore omnis.'),
('151','Amet itaque sunt dolor dolore. Aut dolore sapiente perferendis ut reprehenderit non quia facere. Aut optio voluptate necessitatibus at. Et et sunt quae.'),
('152','Quo consectetur incidunt libero est nobis velit eius. Minima praesentium occaecati asperiores accusamus vero occaecati sit. Veniam dolores eum fugit officia eveniet quo.'),
('153','Beatae doloremque et maiores velit. Consequatur sed magni impedit est doloribus. Nostrum voluptas provident dolorum quod.'),
('154','Consequatur quos qui sunt eum quia. Ut officiis voluptas et labore voluptatum. Autem aut similique deserunt asperiores laborum et. Corrupti aliquid beatae temporibus sed ab.'),
('155','Culpa officiis quaerat eius consequatur modi perferendis. Dolorum assumenda id sit nam tenetur. Voluptates beatae qui in nulla pariatur.'),
('156','Totam maxime ut ipsa aperiam. Dolorum quam provident minima libero quidem assumenda. Ut dolorem et sint officia qui accusantium. Voluptate ratione non rerum.'),
('157','Voluptatem rerum cupiditate molestiae est. Non quisquam facere sapiente voluptatem aliquid aut exercitationem.'),
('158','Quo facilis ut dolor. Nihil et quia adipisci aspernatur consequatur culpa tempore reiciendis. Soluta et ut necessitatibus fugiat maiores culpa sit at.'),
('159','Nam similique vel nihil inventore tempore. Id velit nulla tempore et earum beatae autem. Deserunt laudantium natus officiis facilis numquam voluptas rerum fugiat.'),
('160','Adipisci ipsa iure sapiente dolorem impedit nostrum. Est vel quam ut expedita totam quo. Vero tempora hic minima soluta debitis ut.'),
('161','Et enim nostrum asperiores fuga. Incidunt quaerat suscipit minima quo porro sunt doloremque ut. Nihil corporis nostrum et porro nostrum quo.'),
('162','Ex rerum ut porro perspiciatis ab. Fugit officia perspiciatis libero quisquam nisi quaerat minus. Reprehenderit corporis libero perspiciatis ut reprehenderit beatae ut. Ipsam est iure porro voluptatum.'),
('163','Itaque libero reiciendis tenetur velit aut fugiat. Sequi deserunt praesentium et animi tenetur aut non. Rerum iure atque est aut unde nam aliquam.'),
('164','Vitae error ut ut et assumenda laboriosam aut est. Consequatur et optio et ut perspiciatis tenetur consequuntur. Animi omnis a dolorem.'),
('165','Voluptate eos consequatur fugiat eum. Quia autem id aut eos expedita. Nesciunt ut est illum consequatur.'),
('166','Libero et impedit et doloribus. Libero quibusdam deserunt sed sed consectetur ut illum dolorem. Consequuntur eligendi sint sed aliquid nam. Dolores doloribus eius voluptas eum sunt magni quas consequatur.'),
('167','Nostrum est sit eum omnis unde recusandae. Magnam aliquid esse consectetur atque sit consequatur aspernatur ea. Itaque magni inventore accusantium ea voluptatum consequatur omnis iste. Sed id quo et ipsa explicabo.'),
('168','Dolorem sed aperiam officia mollitia reiciendis officiis. Dolor qui distinctio nobis aut laudantium. Eum corrupti omnis voluptatem ex.'),
('169','Veritatis fugit laudantium quia incidunt consequatur magni quia. Eum sunt quod nostrum quam magnam et quidem dolores. Labore quibusdam molestiae autem sapiente. Ducimus voluptatibus amet et adipisci nesciunt est mollitia.'),
('170','Sapiente illum voluptates eum aperiam at at voluptatem. Pariatur voluptas placeat et excepturi pariatur enim. Voluptates excepturi corporis sapiente totam. Dolorem totam temporibus fugiat cumque ullam eum soluta.'),
('171','Ipsa ducimus velit repellendus autem. Suscipit sapiente quaerat corporis ipsa fugiat veniam. Assumenda et placeat et quis. Qui laboriosam officia voluptatum ea amet voluptatem ut iure.'),
('172','Nam sed itaque laboriosam. Atque esse in ducimus qui aliquam. Quo omnis deleniti a sit harum laudantium possimus exercitationem.'),
('173','Dignissimos quos aut deserunt aut facere officiis consequatur et. Suscipit voluptas quia sit nostrum explicabo atque aut. Ab quis vel ipsa doloremque et perferendis. Officia ut eveniet magni dolores. Labore et reprehenderit molestiae ipsum perspiciatis.'),
('174','Et deleniti asperiores aut. Voluptatibus est nihil aut tenetur quo. Qui est est et est aut quo voluptatem. Velit modi et omnis.'),
('175','Voluptas ducimus explicabo minus dignissimos a. Molestiae dicta sed doloremque nesciunt sed fugit natus. Sed quia pariatur sed dicta vel neque ut. Non rem officiis recusandae libero voluptatum enim.'),
('176','Possimus voluptatem eius beatae doloribus provident officia quasi. Fugiat assumenda alias minus quis enim. Dolorum repellendus quo temporibus id nam inventore nesciunt. Qui et officia ex cumque eos quia. Eos et minus dolor consectetur consequatur error.'),
('177','Rerum et eos omnis nisi eos aliquid. Perferendis minus architecto quo. Omnis voluptate sint nisi nobis at quia consectetur.'),
('178','Asperiores facere occaecati aut velit omnis. Dolorem ex fugit vel provident. In deleniti cum voluptates dignissimos aliquid voluptate quaerat nulla. Eos adipisci aspernatur voluptates.'),
('179','Quidem voluptatum architecto rem velit repellendus quod. Sed repellat aspernatur rerum id molestiae. Possimus error aut corrupti omnis aut. Laboriosam illum voluptas optio consequatur non molestias.'),
('180','Consequatur aspernatur qui sed tempora. Dolore laudantium qui in deleniti. Quibusdam qui expedita id.'),
('181','Saepe quisquam officia est voluptatum at. Vel omnis quibusdam voluptatem suscipit dolorem. Ut omnis minus blanditiis tenetur rerum at saepe.'),
('182','Qui provident et aliquam laborum esse a. Perspiciatis facilis pariatur molestiae.'),
('183','Qui totam eos illum tempore. Labore inventore consequatur illo voluptatem. Quam nam possimus voluptas sint et omnis aut.'),
('184','Fuga quae quo expedita. Sit dolor hic at sint consequatur. Voluptatibus similique iusto minus corrupti dicta sequi.'),
('185','Quibusdam deserunt corporis animi vitae earum. Ut excepturi inventore a eos et dolorum. Enim id facilis cum eos.'),
('186','Ipsum autem enim aperiam voluptates. Consequatur necessitatibus et expedita et. Adipisci aut et et autem.'),
('187','Quod eum nisi totam rem aliquam. Quibusdam doloremque molestiae mollitia quas nam soluta eaque quia.'),
('188','A quae eos impedit optio eveniet. Neque possimus voluptate sit adipisci ut explicabo magnam. Saepe voluptatem explicabo nihil necessitatibus. Et facere error maxime quaerat voluptatibus omnis.'),
('189','Iure atque doloribus vel sint eveniet qui minus dolorem. Eos ut pariatur natus assumenda molestiae quam. Rem maiores aut nihil.'),
('190','Et pariatur quos culpa consequatur maxime animi dolore. Laboriosam labore omnis est reiciendis et et doloremque nulla. Sed enim ipsam est quo.'),
('191','Perferendis dolor tenetur id a culpa fuga dolor temporibus. Harum explicabo sit mollitia dolor dolorem. Architecto sint dicta non aperiam numquam qui vitae voluptatum.'),
('192','Nam consequatur dolores dolore ut tenetur est. Reprehenderit ipsum placeat voluptatibus eos. Assumenda doloribus unde quam aut.'),
('193','Ratione fugit eos quisquam illum. Recusandae cum vel non nobis consequatur facere. Consequatur dolorum sint et tenetur minus.'),
('194','Aperiam porro molestias facere autem tempore. Quaerat sequi qui qui minus officia at ipsa dolorem. Dignissimos facere ab aut placeat amet id perferendis. Asperiores ut aut asperiores non.'),
('195','Dicta qui qui numquam rerum voluptatem eos. Est similique laboriosam qui quis. Totam sed ut et architecto. Aut adipisci corporis officia.'),
('196','Autem accusantium sunt numquam aut corrupti. Ad soluta eius nulla cupiditate. Quia provident qui sit architecto et illum. Quia dolor enim reprehenderit blanditiis natus nihil.'),
('197','Possimus nihil officiis neque eius at et. Esse quibusdam voluptate ex libero. Voluptatum et in aut in aut. Aut corporis tempore sed modi assumenda voluptas officiis.'),
('198','Iste voluptatibus distinctio laudantium explicabo. Repellendus fugiat quo consequatur eos quaerat in. Enim sequi laudantium velit amet suscipit. Occaecati qui commodi recusandae in saepe velit modi.'),
('199','Voluptas sit minima quisquam aut et. Dolorem sapiente autem qui nihil. Delectus occaecati aperiam vitae alias. Laboriosam eveniet quis magni sint quia necessitatibus aspernatur ipsa.'),
('200','Dolore optio illum in reprehenderit delectus saepe aut. Ipsam qui voluptas ipsum explicabo. Sit aut sunt qui cum hic optio aut. Sapiente quidem cumque odio ipsam.'); 


DROP TABLE IF EXISTS `donations`;
CREATE TABLE `donations` (
	admin_user_id BIGINT UNSIGNED NOT NULL UNIQUE,
    body LONGTEXT,
    FOREIGN KEY (admin_user_id) REFERENCES users(id)
);

INSERT INTO `donations` VALUES ('1','Recusandae non consequatur mollitia. Temporibus consequuntur ea id molestiae accusantium incidunt. Consequuntur minima eligendi deserunt laudantium natus laboriosam.'); 

DROP TABLE IF EXISTS photos;
CREATE TABLE photos(
	id SERIAL,
    user_id BIGINT UNSIGNED NOT NULL,
    filename VARCHAR(255),    	
    SIZE INT,
    created_at DATETIME DEFAULT NOW(),
    FOREIGN KEY (user_id) REFERENCES users(id)
);

INSERT INTO `photos` VALUES ('1','1','ullam','946211','1971-06-05 20:02:43'),
('2','2','doloremque','11','2008-05-08 17:02:05'),
('3','3','praesentium','39507','1988-07-12 08:18:07'),
('4','4','fugit','20437','1981-09-18 10:45:00'),
('5','5','iste','245101789','2007-03-18 02:33:51'),
('6','6','est','53','2010-01-13 12:59:03'),
('7','7','quibusdam','2692','2012-06-26 21:53:38'),
('8','8','omnis','23','1981-09-17 02:16:06'),
('9','9','et','76','2003-03-17 02:33:09'),
('10','10','vel','9531','2003-02-15 02:30:38'),
('11','11','est','17','2005-12-25 01:57:20'),
('12','12','facilis','880140','2014-09-07 05:18:04'),
('13','13','perferendis','22192','1992-07-21 19:25:49'),
('14','14','eum','7585144','2000-11-19 20:07:29'),
('15','15','aut','8','1975-08-11 06:33:08'),
('16','16','in','253491','1983-11-18 01:37:09'),
('17','17','et','0','2010-03-31 20:37:52'),
('18','18','accusamus','0','1972-05-11 23:44:38'),
('19','19','voluptatem','1','2008-04-04 15:59:16'),
('20','20','cupiditate','880354419','2007-09-07 12:47:53'),
('21','21','laudantium','408932','1984-09-05 09:22:34'),
('22','22','quia','3571','1998-12-23 12:28:07'),
('23','23','fugiat','40','2005-10-07 06:37:55'),
('24','24','ut','579','1977-05-14 15:45:15'),
('25','25','quia','15711','2005-02-27 19:39:34'),
('26','26','eos','0','1978-07-12 22:29:54'),
('27','27','consectetur','66','2006-03-28 10:46:05'),
('28','28','quisquam','4679','2005-02-11 15:14:02'),
('29','29','odit','4','1970-11-16 17:52:16'),
('30','30','explicabo','79906786','2005-04-15 11:26:58'),
('31','31','quisquam','95190','2009-03-28 00:17:22'),
('32','32','est','0','1993-12-11 07:45:10'),
('33','33','deserunt','0','2010-12-07 00:52:03'),
('34','34','illum','205','1977-10-22 13:30:13'),
('35','35','et','2887','2014-10-05 07:27:18'),
('36','36','culpa','9347','2009-04-01 18:49:56'),
('37','37','sed','890173','1984-06-21 12:02:58'),
('38','38','molestiae','894','1983-02-19 03:07:17'),
('39','39','dolorem','959','1978-05-15 00:17:15'),
('40','40','exercitationem','18573','1987-04-13 15:59:58'),
('41','41','et','294708','1991-11-12 16:26:49'),
('42','42','aut','8299475','1976-04-03 16:36:43'),
('43','43','dolorem','98535967','1970-11-07 06:19:05'),
('44','44','eveniet','101778816','2017-10-07 15:31:53'),
('45','45','modi','3','2015-03-18 17:38:28'),
('46','46','eos','31424','2016-02-19 13:00:54'),
('47','47','accusamus','82581','1973-05-09 01:18:57'),
('48','48','qui','44171','1987-07-26 13:11:26'),
('49','49','voluptas','2131956','1972-03-04 22:07:17'),
('50','50','ad','1189','2007-03-10 08:59:04'),
('51','51','ratione','3370','2003-12-12 15:08:38'),
('52','52','aut','98','1998-07-16 11:47:26'),
('53','53','neque','865','2010-03-18 04:07:00'),
('54','54','sint','1531508','1993-01-16 22:46:09'),
('55','55','laboriosam','7','2000-08-25 12:51:28'),
('56','56','repellat','3680292','1991-05-08 21:02:48'),
('57','57','repellat','67','2017-11-02 00:50:28'),
('58','58','qui','138','1980-05-17 23:43:54'),
('59','59','recusandae','523','1975-07-11 14:47:30'),
('60','60','quo','65','1980-09-14 01:40:42'),
('61','61','nostrum','8','2008-11-08 22:33:33'),
('62','62','possimus','682','2013-07-08 13:32:05'),
('63','63','sint','0','2002-12-20 01:23:29'),
('64','64','in','0','2004-03-15 05:45:17'),
('65','65','qui','0','2012-10-13 00:49:27'),
('66','66','omnis','7','1997-12-22 03:51:27'),
('67','67','eos','95913','2008-04-29 02:43:42'),
('68','68','ea','287149','2001-03-26 14:49:32'),
('69','69','porro','0','1980-04-14 09:37:43'),
('70','70','sunt','54','1982-12-07 21:06:36'),
('71','71','cumque','1487728','2019-10-16 21:01:47'),
('72','72','sit','95679944','2005-01-29 19:36:01'),
('73','73','id','254945273','1985-03-24 10:12:39'),
('74','74','dicta','0','1974-03-11 15:16:55'),
('75','75','architecto','5161','2005-06-25 11:21:16'),
('76','76','rerum','26','2019-04-26 20:20:34'),
('77','77','molestiae','651642','2010-07-22 22:14:51'),
('78','78','distinctio','809373668','2009-07-24 19:12:56'),
('79','79','blanditiis','8558588','2006-06-08 03:21:40'),
('80','80','quia','34410','1991-08-14 07:26:09'),
('81','81','id','3939','1989-02-25 16:36:51'),
('82','82','omnis','5676','1999-08-23 18:59:04'),
('83','83','ducimus','3109','1991-04-23 16:45:38'),
('84','84','dolorem','29132','1988-12-31 22:00:47'),
('85','85','dolore','812607','1971-07-30 09:54:44'),
('86','86','ea','4509','1983-12-05 18:20:15'),
('87','87','veritatis','37','1980-07-05 22:41:34'),
('88','88','dolores','0','1991-08-31 01:51:36'),
('89','89','aut','145783','2005-11-16 14:12:46'),
('90','90','est','698','2014-06-24 18:35:50'),
('91','91','labore','26','1972-09-30 23:44:54'),
('92','92','id','0','1997-07-02 15:44:33'),
('93','93','similique','7812868','1997-10-10 15:36:45'),
('94','94','nulla','0','1981-08-01 02:04:22'),
('95','95','dolorum','32767','2006-03-24 05:37:20'),
('96','96','omnis','276907','1996-12-30 12:40:54'),
('97','97','nihil','874885634','1993-07-06 12:52:01'),
('98','98','et','7168','1979-07-02 15:37:24'),
('99','99','perspiciatis','3229339','1993-06-01 02:27:22'),
('100','100','quasi','15','1973-05-01 00:23:52'),
('101','101','omnis','62','1996-07-31 21:19:41'),
('102','102','distinctio','1278140','1987-08-06 01:35:29'),
('103','103','aut','60','1988-11-29 14:34:06'),
('104','104','vel','368','2004-12-01 08:44:40'),
('105','105','quo','812904','2007-09-12 18:51:00'),
('106','106','dolorem','180847','1998-02-10 01:57:43'),
('107','107','quidem','949181','1993-08-15 21:06:32'),
('108','108','a','39','1994-03-31 17:03:43'),
('109','109','modi','9','1972-04-21 18:24:15'),
('110','110','est','7598','1991-03-24 23:36:19'),
('111','111','ut','922705','1992-01-23 16:58:16'),
('112','112','et','2','1985-06-28 00:58:05'),
('113','113','aperiam','2980','2008-01-11 02:15:07'),
('114','114','cupiditate','770477714','1988-06-26 06:04:39'),
('115','115','culpa','1','1971-07-11 14:19:57'),
('116','116','iste','5249020','1970-03-30 23:53:26'),
('117','117','hic','40254995','2017-05-11 08:02:17'),
('118','118','explicabo','1','1986-10-07 06:29:31'),
('119','119','dolor','631','2016-10-25 04:22:38'),
('120','120','qui','9672852','1987-03-19 06:42:28'),
('121','121','odit','9256','1983-07-22 18:19:11'),
('122','122','nobis','7416796','1981-11-24 08:06:06'),
('123','123','provident','7','1982-09-20 17:22:21'),
('124','124','velit','366586628','2003-02-21 00:39:12'),
('125','125','consequuntur','1','2010-11-12 08:54:25'),
('126','126','maiores','9','2013-02-13 19:23:19'),
('127','127','quod','5307946','2013-12-05 03:09:18'),
('128','128','occaecati','9','2007-05-25 07:17:52'),
('129','129','natus','9925392','1984-06-04 02:56:30'),
('130','130','maiores','3','1987-07-03 09:04:51'),
('131','131','possimus','54020','1985-10-18 13:52:39'),
('132','132','odio','795526','1998-01-09 09:38:20'),
('133','133','placeat','610990','1997-08-02 17:59:58'),
('134','134','voluptatem','8','1977-08-20 10:47:55'),
('135','135','excepturi','820','1974-07-09 05:43:46'),
('136','136','voluptatem','50123','1981-08-24 07:39:54'),
('137','137','voluptas','11709','2001-06-27 15:57:11'),
('138','138','non','153','2020-06-23 01:15:00'),
('139','139','tenetur','606127','2012-11-19 22:28:21'),
('140','140','saepe','6','2015-07-11 16:39:27'),
('141','141','quia','5030','1994-10-06 10:14:13'),
('142','142','reiciendis','0','2001-08-21 11:54:53'),
('143','143','animi','567774652','2001-08-15 06:00:48'),
('144','144','non','329346095','2014-03-06 10:12:23'),
('145','145','dolor','20','1996-11-26 01:31:52'),
('146','146','ut','713534780','1997-03-27 04:00:01'),
('147','147','eum','690','1987-12-05 09:38:22'),
('148','148','incidunt','9502','2006-04-02 22:27:25'),
('149','149','maxime','0','1976-01-28 20:05:23'),
('150','150','magnam','935803','2015-08-04 03:20:40'),
('151','151','nihil','192338360','2006-04-08 16:49:21'),
('152','152','architecto','77621','1985-06-04 09:47:17'),
('153','153','voluptate','4','1979-10-08 09:27:28'),
('154','154','ad','0','1985-11-19 02:46:40'),
('155','155','est','846','1973-11-11 10:01:32'),
('156','156','quidem','4728','1993-10-30 23:34:43'),
('157','157','corrupti','80173','1987-08-25 01:54:39'),
('158','158','inventore','616732137','1994-10-02 01:11:34'),
('159','159','dicta','60084966','1994-12-24 12:05:26'),
('160','160','ratione','96312814','1975-01-11 17:28:39'),
('161','161','repellat','202','1989-11-17 14:25:30'),
('162','162','repudiandae','17','2017-04-20 14:41:24'),
('163','163','non','145499','1973-10-28 13:17:16'),
('164','164','quo','4727253','1974-11-13 17:33:44'),
('165','165','dolor','39034589','2009-06-15 05:17:30'),
('166','166','ea','764890681','2006-11-22 06:36:16'),
('167','167','dolorum','49','2008-07-17 20:20:36'),
('168','168','asperiores','807386','1992-03-03 14:28:14'),
('169','169','magni','29108057','1979-06-02 23:00:41'),
('170','170','in','193064517','2006-04-27 23:42:08'),
('171','171','sed','151862','2012-08-15 16:45:35'),
('172','172','nostrum','70265','1974-05-29 00:51:33'),
('173','173','asperiores','140077546','2001-12-19 23:07:53'),
('174','174','labore','449967','1987-04-04 22:57:28'),
('175','175','aspernatur','13062821','1999-09-12 14:19:01'),
('176','176','enim','84333155','1987-05-18 03:26:49'),
('177','177','illo','803353459','1982-09-13 13:38:04'),
('178','178','quis','4','1978-07-21 14:40:40'),
('179','179','aspernatur','70618262','1979-03-25 22:52:23'),
('180','180','et','7','1974-01-11 15:12:27'),
('181','181','reiciendis','7','1980-03-24 07:24:26'),
('182','182','tenetur','94','2015-10-04 19:24:38'),
('183','183','vero','110','1986-09-10 03:24:33'),
('184','184','quas','0','1996-08-15 15:05:41'),
('185','185','vero','7884','2004-11-01 14:28:28'),
('186','186','quidem','45','2012-07-17 05:27:31'),
('187','187','velit','638484446','1979-11-22 14:52:51'),
('188','188','impedit','109','2018-05-06 00:46:32'),
('189','189','aliquam','475301','1972-12-23 11:52:16'),
('190','190','eius','31007','2019-09-09 05:59:16'),
('191','191','quisquam','45226','1976-12-09 13:10:36'),
('192','192','sit','74623362','2016-12-13 05:53:46'),
('193','193','ex','655154034','2006-06-05 01:19:28'),
('194','194','et','136','1980-08-13 09:15:33'),
('195','195','suscipit','1591','2013-04-15 16:39:05'),
('196','196','sed','61944227','1992-02-20 00:30:17'),
('197','197','explicabo','0','1982-09-14 09:47:24'),
('198','198','laudantium','224338','2018-06-01 02:17:24'),
('199','199','cumque','68331','1984-02-05 01:54:14'),
('200','200','sit','642241353','1999-01-29 17:50:08'),
('201','1','voluptas','26657454','2017-08-12 11:30:53'),
('202','2','voluptatibus','1115','1993-04-23 09:33:22'),
('203','3','et','21784851','1997-07-05 03:59:16'),
('204','4','et','0','1977-09-08 02:42:09'),
('205','5','et','0','1971-09-09 14:32:48'),
('206','6','optio','6','2007-07-18 21:50:13'),
('207','7','dolorum','274873','1975-11-07 01:09:29'),
('208','8','in','29143166','2019-12-09 15:03:16'),
('209','9','pariatur','9','1986-07-17 11:58:22'),
('210','10','blanditiis','42','1981-03-28 17:41:16'),
('211','11','et','5665602','2007-06-21 10:26:03'),
('212','12','aut','96328509','1985-02-15 09:25:34'),
('213','13','quo','49923986','2019-01-17 01:55:55'),
('214','14','voluptate','1','1983-02-19 09:12:26'),
('215','15','exercitationem','657','1999-12-04 04:32:54'),
('216','16','et','38','2015-01-27 16:52:11'),
('217','17','amet','2','1994-10-27 23:12:43'),
('218','18','accusantium','994','1992-10-29 15:03:42'),
('219','19','totam','3208','1992-02-24 22:49:41'),
('220','20','quia','718698','2001-01-03 10:10:48'),
('221','21','aliquid','3692','1985-02-08 12:36:02'),
('222','22','ut','352232157','1988-02-08 18:33:38'),
('223','23','ut','31674664','1979-08-22 08:28:14'),
('224','24','qui','84872629','2017-12-13 22:43:38'),
('225','25','a','181374034','2002-12-16 23:46:36'),
('226','26','cum','5787818','1991-12-24 04:42:43'),
('227','27','dolorum','0','1996-11-23 08:02:30'),
('228','28','officia','3609651','1998-07-05 23:44:39'),
('229','29','mollitia','39801','1975-01-07 19:46:08'),
('230','30','eum','67349','1980-01-19 01:51:16'),
('231','31','et','1','2014-05-27 18:49:45'),
('232','32','autem','78','1980-10-29 14:42:20'),
('233','33','iure','57','2010-08-01 19:17:11'),
('234','34','non','3054941','1996-12-30 18:41:06'),
('235','35','architecto','383001334','1974-11-03 09:46:17'),
('236','36','ut','525706','2004-01-23 18:07:30'),
('237','37','quia','897032586','2016-12-19 21:14:33'),
('238','38','ea','51','2020-02-05 15:53:54'),
('239','39','sint','0','1997-11-18 16:43:43'),
('240','40','quidem','59884960','2019-03-26 13:10:19'),
('241','41','qui','7039','2013-04-04 00:17:45'),
('242','42','eum','6','2010-12-13 07:55:27'),
('243','43','delectus','343297','1981-04-08 13:51:04'),
('244','44','inventore','2890853','1998-02-14 20:23:44'),
('245','45','minus','6','2019-09-12 06:14:44'),
('246','46','atque','6','2008-06-01 21:06:02'),
('247','47','iste','0','2010-11-12 14:07:04'),
('248','48','minima','0','2004-04-26 10:28:11'),
('249','49','officiis','70565','2001-06-14 02:28:40'),
('250','50','error','796','1978-05-20 22:29:07'),
('251','51','nihil','71','1990-04-26 08:34:36'),
('252','52','sit','4','2006-10-06 06:50:29'),
('253','53','exercitationem','23','1996-02-16 01:09:45'),
('254','54','et','1742','1996-02-11 06:37:06'),
('255','55','saepe','678','1999-09-01 20:14:54'),
('256','56','quibusdam','9229693','1979-11-25 02:46:07'),
('257','57','expedita','69646557','2018-02-10 23:30:24'),
('258','58','et','943600981','1973-08-26 14:16:48'),
('259','59','nam','34677','2015-11-25 09:10:49'),
('260','60','est','52516320','2001-04-25 11:59:20'),
('261','61','voluptatem','0','2001-02-22 07:29:04'),
('262','62','autem','700287','2002-10-30 15:51:49'),
('263','63','consequatur','519088','2011-01-08 14:32:53'),
('264','64','culpa','158969','1989-05-25 10:06:48'),
('265','65','tenetur','6770150','2019-09-27 22:24:25'),
('266','66','rerum','55845','1979-09-05 23:49:22'),
('267','67','architecto','8154230','1983-01-05 10:14:36'),
('268','68','neque','3','1999-08-31 00:47:19'),
('269','69','quia','0','1990-03-30 00:57:36'),
('270','70','ex','553274','2000-01-20 21:48:05'),
('271','71','nobis','219','2009-10-17 01:51:57'),
('272','72','eius','631663','2019-12-31 23:32:30'),
('273','73','ut','9','1987-09-19 08:38:28'),
('274','74','voluptas','750602651','1973-02-25 20:42:48'),
('275','75','quam','0','1972-09-14 14:32:46'),
('276','76','sed','484473885','1987-11-30 03:28:59'),
('277','77','excepturi','133','2004-10-06 16:56:08'),
('278','78','vero','363881','1973-11-08 15:43:21'),
('279','79','perspiciatis','7064978','1995-02-19 04:18:10'),
('280','80','adipisci','38743092','1974-06-14 21:45:47'),
('281','81','accusamus','49','1972-10-24 01:20:42'),
('282','82','et','5913','1986-05-08 21:00:58'),
('283','83','assumenda','2896571','2008-05-10 10:31:45'),
('284','84','voluptas','63313431','1983-12-21 16:00:55'),
('285','85','dolor','0','2013-11-27 06:52:17'),
('286','86','ut','347184963','2003-06-26 12:33:45'),
('287','87','voluptas','41','2005-11-13 21:42:41'),
('288','88','temporibus','0','1979-09-16 14:52:24'),
('289','89','ut','0','1994-02-06 13:58:04'),
('290','90','nam','937809','1975-10-19 19:47:37'),
('291','91','dolores','470723868','1980-03-20 11:11:23'),
('292','92','sequi','510','1991-02-05 13:31:46'),
('293','93','quos','645','2003-05-16 01:48:11'),
('294','94','totam','347220197','1983-08-16 09:38:21'),
('295','95','ad','78','1970-11-08 15:20:42'),
('296','96','dolor','0','1972-05-27 09:26:22'),
('297','97','dolor','45','2013-07-06 08:00:47'),
('298','98','autem','0','1979-05-27 16:52:56'),
('299','99','consequatur','5202956','1973-07-13 15:10:00'),
('300','100','magnam','7735214','1995-08-17 22:15:11'); 

DROP TABLE IF EXISTS article_categories;
CREATE TABLE article_categories (
	id SERIAL,
    name VARCHAR(255),
    created_at DATETIME DEFAULT NOW(),
    updated_at DATETIME ON UPDATE CURRENT_TIMESTAMP
);

INSERT INTO `article_categories` VALUES ('1','Science','1992-02-25 01:57:59','2010-08-17 00:55:20'),
('2','History','2009-04-22 13:45:53','1993-02-25 16:34:22'),
('3','Sports','2006-11-11 01:22:55','2001-07-18 22:28:25'),
('4','Politics','2012-11-04 22:35:07','1987-04-04 05:25:45'),
('5','Celebrities','2003-03-29 10:19:07','1999-11-17 19:06:12'); 

DROP TABLE IF EXISTS article;
CREATE TABLE article (
	id SERIAL,
	photo_id BIGINT UNSIGNED NOT NULL,
	categori_id BIGINT UNSIGNED NOT NULL,
	user_id BIGINT UNSIGNED NOT NULL,
	heading VARCHAR(255),
    body LONGTEXT,
    created_at DATETIME DEFAULT NOW(),
    updated_at DATETIME ON UPDATE CURRENT_TIMESTAMP,
    FOREIGN KEY (user_id) REFERENCES users(id),
    FOREIGN KEY (categori_id) REFERENCES article_categories(id),
    FOREIGN KEY (photo_id) REFERENCES photos(id)
);  

INSERT INTO `article` VALUES ('1','1','1','1','impedit','Vitae et omnis ut nulla maxime distinctio assumenda est. Sit minima ut sit odit. Corporis omnis praesentium omnis fugit aliquid ut. Atque dolorem atque voluptatibus.','1984-05-19 10:46:30','2010-04-05 00:30:55'),
('2','1','1','1','ab','Vel ut voluptas dolores dolorum. Eum tenetur dolores est alias quo. Mollitia et libero dolorem alias delectus. Excepturi nobis hic est sit quia repellat.','2002-11-22 10:47:38','1980-07-20 07:20:00'),
('3','1','3','1','qui','Vitae non et et. Laboriosam voluptatem molestiae voluptates quos. Aut recusandae et corrupti architecto vitae. Nobis sunt voluptatem quos odit voluptate ut provident.','2018-11-16 18:40:34','1974-02-26 21:58:03'),
('4','4','4','1','mollitia','At animi consequatur aut fuga dolorum possimus. Repellendus porro dolorem dolorem nulla voluptas vero. Rerum quae odio vitae.','1985-11-11 17:36:20','1993-04-13 15:57:20'),
('5','5','5','5','veniam','Illum dolor placeat ducimus et ex. Qui ut corporis molestiae illo quae. Aut et adipisci necessitatibus saepe labore. Error dolore enim et maxime qui id. Distinctio asperiores iusto eos animi omnis.','1996-06-18 20:41:06','2005-12-13 07:35:02'),
('6','6','1','6','aspernatur','Quidem cupiditate veniam eos repellat. Distinctio voluptas non eum cupiditate saepe voluptatem reprehenderit. Totam atque consequuntur atque quidem id ducimus.','1976-11-25 13:40:04','1983-10-14 21:30:48'),
('7','7','2','7','qui','Iure et veniam minus enim qui. Delectus ut et quia et rerum excepturi.','2008-02-11 14:57:10','2003-07-31 19:04:41'),
('8','8','3','8','error','Culpa temporibus omnis sint ad eum quia. Quaerat totam corrupti odio aut pariatur impedit odio. Dolores distinctio illum quas porro similique ea nam eligendi. Perferendis molestiae dignissimos sed quae repudiandae modi nisi. Assumenda architecto sequi nostrum aut.','1974-12-22 05:10:00','2005-12-01 19:23:14'),
('9','9','4','9','quaerat','Quis qui aut accusantium sed est. Delectus asperiores dolorem consequatur dolore. Amet et rem voluptatum molestias inventore vel quidem pariatur. Aut ut velit magni enim excepturi repudiandae sed sit.','2014-11-21 22:14:24','2015-06-03 14:01:47'),
('10','10','5','10','quo','Odio repellat incidunt nostrum. Consequatur eius at quisquam minus. Nulla dolore reprehenderit velit rerum sapiente nulla.','1981-08-28 00:16:24','1977-12-06 12:19:30'),
('11','11','1','11','ullam','Nulla nulla eos impedit ducimus aliquam. Aut accusamus dicta rem et numquam. Doloribus itaque vel vel. Nam illo maiores a aut.','1999-12-31 03:36:25','1990-11-28 04:38:22'),
('12','12','2','12','ducimus','Quia porro consectetur atque aut vitae quaerat. Odit placeat labore nobis repellat sunt.','1988-12-04 12:22:02','1990-03-17 19:25:12'),
('13','13','3','13','perspiciatis','Dignissimos rerum quia ullam architecto ab. Porro consequuntur enim sint eligendi. Sit quisquam tempore velit et qui ipsam. Quas dolorum esse modi quaerat.','2012-08-29 06:49:01','1985-03-24 07:25:39'),
('14','14','4','14','et','A nemo iure tenetur sunt facere in. Quas commodi aut consequatur sint quos fuga in.','1988-08-11 15:47:18','2003-02-14 17:39:27'),
('15','15','5','15','deserunt','Est magni enim libero corporis ipsum. Consequatur inventore ipsum ipsum in repudiandae amet hic. Ex corporis quas necessitatibus aut praesentium dolor. Odit illo in dolor quia tenetur eum.','2002-03-31 03:00:29','1986-03-02 22:31:18'),
('16','16','1','16','impedit','Rem sit necessitatibus et quis sequi deserunt iusto. Et aut et corrupti eius. Nulla itaque pariatur veniam possimus perspiciatis. Quos recusandae molestias doloremque ipsum eveniet cumque.','1993-08-02 03:37:14','2000-08-02 19:26:19'),
('17','17','2','17','aut','Laudantium dolores ducimus culpa perferendis illo totam. Non perspiciatis aut ex. Cumque aspernatur quod facere aliquid dignissimos voluptates. Temporibus dolores autem amet dicta.','1992-10-20 22:32:19','1973-07-22 12:08:25'),
('18','18','3','18','earum','Sed soluta deserunt incidunt saepe nemo laboriosam. Dolores itaque quod ipsam voluptatem. Ipsa itaque voluptatem ullam deleniti.','1995-04-23 22:37:11','1998-08-17 08:31:37'),
('19','19','4','19','aut','Voluptas iste tempore aut autem sapiente totam quidem. Delectus fuga et nostrum et ut. Maxime ut deserunt quo deserunt velit. Facilis aut odio a similique voluptas.','2001-12-28 07:26:33','2004-06-01 07:05:06'),
('20','20','5','20','eos','At nostrum sed necessitatibus rem. Molestias aliquam et possimus. Et ducimus blanditiis nostrum fugiat quos. Qui quis laboriosam est at unde.','2004-12-15 20:26:42','1977-07-28 10:13:52'),
('21','21','1','21','maiores','Velit debitis vero sit omnis. Aut officiis voluptatem quibusdam quas quis accusantium. Adipisci alias nemo aut molestiae.','1973-09-02 19:20:03','1992-03-19 21:37:57'),
('22','22','2','22','saepe','Veritatis placeat tempore eligendi provident adipisci quis soluta. Et in dolores neque placeat quis libero.','2017-06-24 10:15:45','1994-01-21 17:38:46'),
('23','23','3','23','consequatur','Doloremque illo provident molestiae sit. Magni voluptas occaecati natus reprehenderit. Culpa vitae distinctio fugiat fugiat sit. Accusantium numquam ducimus ea aliquid quaerat rem.','2007-12-01 20:07:26','1983-08-02 04:22:56'),
('24','24','4','24','rerum','Possimus quaerat enim blanditiis rem dolorem. Delectus voluptatem deleniti id perferendis saepe. Voluptatem nulla reiciendis iste velit consequatur et iure. Unde minima ipsa deserunt in illo sequi. Sapiente iste voluptates vero nihil.','1990-07-14 10:54:18','1982-03-13 06:28:56'),
('25','25','5','25','velit','Veniam iure repudiandae minima aut velit non sed. Aperiam dolor animi molestias qui cum et. Voluptas enim qui quasi mollitia deserunt. Blanditiis magni quia veniam dolor.','2003-01-11 19:31:46','1977-09-18 16:38:16'),
('26','26','1','26','minus','Aperiam distinctio et eum neque eligendi neque dolor. Non non possimus et expedita enim. Possimus nostrum sint consectetur et nobis.','1981-12-12 09:00:25','1974-03-21 01:12:58'),
('27','27','2','27','et','Sit cum quia quos est. Aut modi voluptatem aliquid ut minus earum qui.','1989-08-24 18:28:30','2003-09-11 18:59:38'),
('28','28','3','28','laboriosam','Dolor corporis earum minus omnis. Laudantium mollitia assumenda neque architecto aperiam necessitatibus. Vero qui velit vero dolor delectus labore labore. Sunt odit laborum ad assumenda necessitatibus modi.','1988-08-27 02:06:26','1996-10-10 06:25:33'),
('29','29','4','29','ex','Error ut unde minus facilis mollitia quae perferendis. Explicabo neque error magni id provident nihil. Et quos architecto aut est consectetur sapiente facere.','1971-02-25 22:41:56','2004-10-21 18:37:47'),
('30','30','5','30','nam','Et aliquam omnis voluptatum suscipit incidunt voluptatum. Cum eum dicta magni ex eligendi et asperiores. Suscipit rem at quasi dolores eveniet ut. Nisi ipsam quia iure quis.','2001-03-13 11:42:36','1999-06-16 12:15:36'),
('31','31','1','31','non','Officiis eos corrupti molestiae rerum dignissimos. Velit quo eos iure aut ex quibusdam dolorem sapiente. Aliquam nemo in in minus incidunt.','1997-11-12 18:01:19','1974-11-14 13:55:14'),
('32','32','2','32','ipsam','Ducimus doloremque veritatis aspernatur nihil rerum quasi est. Unde nisi recusandae sunt nihil. Reiciendis dicta suscipit impedit aliquid labore quo. Doloremque hic enim voluptate nesciunt possimus rerum porro. Quis ipsam ducimus iste iste.','1975-09-15 14:47:47','2003-04-22 10:37:28'),
('33','33','3','33','officia','Labore vitae laudantium quas iure porro. Quidem magnam quas architecto quia. Ad magnam ad cupiditate qui. Iste consectetur natus maiores labore qui at.','1982-01-17 19:22:26','1995-03-01 11:46:28'),
('34','34','4','34','et','Ipsam sit iste aut et et quia. Cupiditate corrupti at qui repellendus corporis ullam provident. Dolores enim quaerat repellendus ratione voluptatum quisquam. Culpa qui autem et in dicta minima tenetur.','1973-07-02 00:31:59','2006-01-11 08:30:11'),
('35','35','5','35','sint','Optio qui odit mollitia incidunt in fugiat ut. Cupiditate sequi tempore eligendi eaque sed. Voluptas repellat sit fugiat dolorem.','1971-11-17 14:44:07','1987-05-26 13:28:34'),
('36','36','1','36','temporibus','Architecto rem in quo. Nam consequuntur necessitatibus velit sint id dolorem quidem. Iste praesentium ea et minus distinctio.','1976-09-17 14:57:41','2003-06-22 07:49:19'),
('37','37','2','37','placeat','Voluptatum voluptatem iste recusandae ad. Suscipit molestias labore temporibus maiores magni blanditiis. Quaerat eum aut tenetur officia iste dolorem.','2003-05-30 16:40:24','1999-03-15 17:01:36'),
('38','38','3','38','et','Tempora illo corporis sit ea. Ut sunt eaque illo et eveniet. Natus reiciendis a totam laboriosam quisquam ut rem.','2018-07-22 11:43:59','1987-07-01 00:09:07'),
('39','39','4','39','nisi','Saepe est omnis consequatur. Enim nulla dicta ut voluptatibus maxime. Est omnis ea molestiae hic iusto voluptatem rerum. Non id optio odio eveniet autem tempora quae laboriosam.','2006-06-05 02:28:43','1977-06-08 19:26:01'),
('40','40','5','40','tenetur','Iusto neque culpa velit adipisci mollitia. Quia perspiciatis non voluptas deleniti maxime in. Distinctio corrupti reiciendis placeat totam suscipit. Rerum ratione animi voluptatum atque.','1989-06-08 22:22:22','1970-12-19 13:14:55'),
('41','41','1','41','et','Quia sed explicabo accusamus corrupti. Dolor consectetur odio consectetur recusandae quam excepturi optio quas. Error omnis voluptatum vero voluptas autem quidem sit.','2007-05-20 12:29:37','2008-01-11 02:38:47'),
('42','42','2','42','eum','Odit aut placeat repudiandae sit porro illum. Corrupti veritatis veniam vero est eligendi delectus nobis qui. Rerum rerum sit assumenda quam.','1997-04-06 21:50:08','2003-02-06 06:19:58'),
('43','43','3','43','natus','Vero itaque explicabo ullam ut quae aut pariatur. Ut consectetur nostrum dolores atque voluptas nisi. Ullam porro vero vel molestiae voluptatum quod perspiciatis.','1989-07-10 07:42:35','1998-12-20 16:54:56'),
('44','44','4','44','aut','Adipisci quis nobis tenetur quaerat repellendus sint repudiandae et. Sit dignissimos non cum sed libero est. Autem illum quasi odit cum qui expedita natus. Culpa laboriosam est dolor rerum.','2000-03-21 05:19:58','1992-07-25 01:08:49'),
('45','45','5','45','illo','In delectus magni ex qui eaque. Dolorum ad illo distinctio aspernatur voluptates placeat omnis.','1982-02-04 14:14:43','1994-08-10 19:44:08'),
('46','46','1','46','sit','Temporibus maxime quis dignissimos sit. Omnis quidem vel mollitia aperiam repudiandae. Natus laborum amet officiis dolores vel veritatis.','1985-08-08 23:30:59','2010-11-12 06:40:00'),
('47','47','2','47','culpa','Vitae quibusdam est ratione qui. Id rem est voluptas.','1988-11-29 12:32:25','1998-09-22 19:10:50'),
('48','48','3','48','quis','Suscipit delectus quia placeat quas reprehenderit facilis. Dolore deserunt beatae tempore dignissimos. Non consequuntur odit perspiciatis molestias veritatis ducimus et impedit. Et laborum sed qui rem. Beatae nesciunt ut ut aut.','2008-11-10 20:09:27','1998-03-18 12:52:19'),
('49','49','4','49','sit','Aliquid adipisci blanditiis et numquam consequuntur. Pariatur libero et id hic. Eaque id et optio voluptate quod eaque. Quia nesciunt enim qui maiores fuga ut sunt.','1991-05-13 13:14:45','1988-11-02 15:59:27'),
('50','50','5','50','debitis','Sed velit molestiae quo quas culpa ut. Quia vel quasi iste magni voluptate nulla culpa quis. Distinctio deleniti eos voluptate et eligendi recusandae.','2011-08-06 02:56:18','1998-03-25 22:13:08'),
('51','51','1','51','qui','Tempore accusamus vel minima tempore qui autem. Pariatur sed rerum tenetur est occaecati odit nostrum. Rem voluptas eius iure maxime expedita quasi deserunt.','1987-01-31 23:39:05','1980-08-15 04:25:56'),
('52','52','2','52','dolorum','Est voluptas repellat eos iste. Voluptas a blanditiis fugit voluptas exercitationem rem deleniti temporibus.','1986-05-18 11:35:33','2020-03-10 14:19:01'),
('53','53','3','53','nostrum','Eum ipsam autem quis possimus vitae ipsum deserunt. Eos explicabo animi dignissimos earum et est. Assumenda vero sunt sint laboriosam qui. Et deserunt sunt at dolores. Placeat magnam sequi aut distinctio reiciendis aspernatur corporis.','2020-06-05 11:18:41','2017-11-03 03:09:18'),
('54','54','4','54','minima','Iure rerum animi quo earum corrupti nostrum. Dolorum hic nesciunt repudiandae. Et explicabo occaecati autem omnis. Dicta quis ratione aut accusamus corporis. Optio repellendus omnis officiis quae.','1973-01-15 13:57:54','1992-06-25 18:16:45'),
('55','55','5','55','assumenda','Placeat atque quam officiis et in sint. Aliquam consequatur sit non. Consequuntur et quia id fuga aspernatur ea. Nemo voluptatem quasi architecto quod omnis cumque.','2003-01-10 01:33:05','1991-04-29 12:36:28'),
('56','56','1','56','laborum','Rerum iure optio et doloremque quia. Enim aliquam iusto quisquam. Ratione sunt occaecati voluptatem. Et quia dolor maxime sunt occaecati repellat.','2003-07-31 19:27:19','1972-05-21 18:13:38'),
('57','57','2','57','est','Vel qui sed voluptas porro perferendis est. Sint delectus iure cupiditate fugiat aliquid dolore. Amet similique quo consectetur provident et perferendis hic veritatis.','2002-03-17 03:44:15','1980-12-16 18:47:55'),
('58','58','3','58','deserunt','Sit cupiditate optio est. Cumque totam voluptatibus iure earum ut. Ut cumque earum in officiis dolor aut et voluptas.','1979-10-10 07:32:42','2006-08-30 23:58:54'),
('59','59','4','59','ratione','Tempore aspernatur aliquid quaerat quos nihil deserunt. Ex occaecati aut accusamus voluptatibus. Et labore sit alias animi iure laborum. Voluptatum nesciunt voluptatum saepe reprehenderit. Voluptas aut omnis perspiciatis.','1986-01-16 22:16:41','2019-10-30 06:16:29'),
('60','60','5','60','et','Officiis ut voluptatum ut aliquid. Temporibus quas sit atque perspiciatis facere. Et aliquam pariatur ut in. Nostrum qui at qui delectus.','1975-02-23 15:54:25','1991-02-04 02:00:37'),
('61','61','1','61','consectetur','Autem sequi a minima. Vitae occaecati nam sed ut qui aut. Quo dolores numquam numquam dolores qui. Dolorem dolorum rerum et est consequatur. Aut fuga et nulla est dolorem qui animi.','2001-02-21 17:12:14','1976-12-12 15:07:38'),
('62','62','2','62','corporis','Ducimus repudiandae asperiores recusandae iste consequatur voluptatem. Magnam quibusdam amet quam unde porro totam voluptatem. Sit ut rerum cupiditate est exercitationem dolorum error.','1989-09-25 04:29:53','1993-03-16 20:17:56'),
('63','63','3','63','consectetur','Reiciendis deserunt dolorum amet sunt fuga corporis molestiae. Quod in recusandae repellendus et inventore dignissimos. Nemo accusantium praesentium voluptatem distinctio numquam.','1970-12-21 05:46:34','1971-06-08 01:38:31'),
('64','64','4','64','debitis','Ratione aut odio et totam occaecati et architecto ab. Ut sequi voluptatum dolores aliquid corporis debitis aliquam. At blanditiis accusantium deleniti ut sint nam praesentium. Nobis inventore sequi aut vero.','1998-03-10 10:20:00','2009-12-07 03:10:57'),
('65','65','5','65','ad','Ea magni voluptas voluptas vel totam et accusamus. Ut cumque iure quibusdam. Qui voluptatem et aperiam praesentium perferendis.','1988-10-23 03:23:10','1999-03-18 13:55:41'),
('66','66','1','66','ut','Voluptas reiciendis nulla similique asperiores occaecati deserunt qui. In maiores consequatur repudiandae qui ea. Dolorem harum consectetur non dolores exercitationem quae rem.','1981-09-07 08:51:13','2002-01-27 20:14:04'),
('67','67','2','67','libero','Soluta quia non dolores itaque voluptates. Deserunt nulla temporibus beatae id quia. Placeat fugit inventore exercitationem ipsam nostrum.','2012-03-01 15:11:10','2019-06-05 08:27:58'),
('68','68','3','68','sed','Ullam commodi facere id temporibus iusto impedit ullam. Corporis aut ratione qui quos nihil. Porro voluptatum repudiandae quod.','1970-01-03 16:42:18','2004-06-07 04:30:19'),
('69','69','4','69','placeat','Et quod laudantium quis in molestiae fugit quasi. Numquam optio quis laborum velit voluptatem. Excepturi quibusdam qui aperiam architecto et odit. Reiciendis et exercitationem est atque voluptas quam.','1995-03-07 07:12:45','2000-12-07 18:10:08'),
('70','70','5','70','harum','Reprehenderit commodi tempora sunt placeat eius. Placeat sapiente cupiditate sint quas velit minus. Iste eveniet maiores et a fugit ex id.','2001-03-29 14:55:06','1998-08-28 23:13:09'),
('71','71','1','71','perferendis','Assumenda sunt molestiae aut repellendus. Voluptates repudiandae expedita non maiores rem sed sint. Blanditiis consequatur ut labore voluptates.','1970-12-01 11:50:55','1973-05-20 05:35:45'),
('72','72','2','72','facere','Et dolorem ut suscipit incidunt dolorem ipsum ex. Sint velit minima dolorem quidem omnis praesentium qui. Dolorum et error ut itaque tenetur expedita. A non voluptate illum fugit consequuntur. Aut qui aperiam eligendi quisquam optio ea voluptatem.','1979-07-13 16:46:57','2008-08-07 23:39:35'),
('73','73','3','73','consectetur','Autem debitis blanditiis aliquam tempora. Reiciendis est id modi voluptas quis eos non. Officiis adipisci at unde sint non est quod doloremque.','1996-03-28 15:58:14','2006-03-10 20:53:57'),
('74','74','4','74','magnam','Earum soluta id et similique accusamus enim odit. Quidem omnis soluta est libero nulla. Quis sed ex consequuntur provident.','2008-09-30 02:19:58','1994-08-02 12:18:03'),
('75','75','5','75','culpa','Expedita ipsum rerum aperiam qui non dolor qui. Itaque et rerum nostrum sint. Dolorem unde culpa deserunt nemo nesciunt facere. Quis consequatur et ipsum ducimus quae ut cumque itaque.','2014-11-21 09:05:24','2009-04-23 23:55:20'),
('76','76','1','76','labore','Itaque deleniti numquam explicabo aut omnis qui. Quam enim similique tempora repellendus aut cupiditate. Tempora laboriosam accusamus et a aut.','1990-07-19 02:31:20','1971-05-03 04:53:10'),
('77','77','2','77','quia','Neque quis et et consequatur. Sunt quia cum sunt officia vitae aperiam ducimus. Aut dolorum sed qui asperiores dicta.','1976-08-31 13:43:57','1971-05-02 08:25:13'),
('78','78','3','78','quas','Qui iusto maiores id eaque quod odio eum. Quo quaerat quia aut. Incidunt sint accusantium aspernatur incidunt ea numquam quis ut.','1975-11-24 03:20:02','1996-03-28 11:32:46'),
('79','79','4','79','eos','Non est nihil et eius vitae incidunt atque. Odio et doloremque dolorem esse.','2002-06-10 11:16:09','2004-03-10 00:18:14'),
('80','80','5','80','sed','Eius dolorem voluptate aliquid aut magnam maxime. Et iure voluptas optio et dolor. Laboriosam commodi minus est magni doloribus.','1989-03-12 17:10:24','1983-10-24 17:26:46'),
('81','81','1','81','explicabo','Ipsa officiis possimus neque omnis ea ut ut. Enim provident vel tempora pariatur labore iure sunt. Quos iure ut maiores enim. Placeat aut ut et eum dolor reprehenderit.','2009-03-27 03:19:17','1988-05-01 15:54:31'),
('82','82','2','82','doloribus','Esse odio doloremque et et dolor. Ut ea at nihil voluptatem doloribus magnam. Et sequi illo nesciunt ea reiciendis impedit. Labore velit hic ut officiis sapiente.','1990-08-29 00:29:00','2013-12-25 23:16:15'),
('83','83','3','83','in','Voluptates ut fuga deleniti reiciendis. Vel impedit perspiciatis quo facere. Ut necessitatibus sed in nobis possimus.','2012-11-05 00:04:26','2015-05-11 10:00:05'),
('84','84','4','84','et','Voluptate cupiditate repellendus accusamus voluptatem maxime. Et quis expedita sit totam. Inventore sit incidunt est velit nesciunt dicta.','1996-04-11 17:14:02','2007-12-25 09:50:28'),
('85','85','5','85','consequuntur','Nam dolorem consequuntur suscipit qui iusto. Accusantium deleniti vel libero. Odit sit ipsa odio corrupti enim cupiditate. Quia distinctio rerum temporibus.','2017-12-23 08:11:51','1975-06-22 05:54:19'),
('86','86','1','86','repudiandae','Aliquam fugiat libero aliquid illo accusamus. Facilis voluptatem odio dolor aut et minus. Atque molestias qui inventore cumque.','2011-05-26 11:56:31','2001-12-01 19:38:15'),
('87','87','2','87','voluptatem','Aut suscipit qui nostrum et dolor ut. Officia eveniet est totam earum non. Placeat rem consequuntur qui sed. Eaque accusamus debitis eos occaecati nobis.','1973-06-26 14:37:51','1987-11-24 03:17:25'),
('88','88','3','88','velit','Maiores atque tempore aliquam aut nemo rerum. Voluptatem sit ducimus autem autem saepe. Voluptas sit rem et quo est qui. Est in velit adipisci. Et et quia suscipit sunt.','1987-10-16 04:40:32','2016-11-07 12:27:14'),
('89','89','4','89','itaque','Voluptatem odio est modi. Non iste aut in tenetur beatae facilis rerum.','2011-03-13 23:12:26','1972-09-29 16:23:00'),
('90','90','5','90','magni','Culpa nulla iste corrupti accusantium officia et sunt. Aut et voluptas nostrum nihil. Sint autem omnis et quaerat voluptatem.','2017-10-06 09:40:58','1988-05-04 06:58:54'),
('91','91','1','91','repellat','Consectetur corporis ut quibusdam asperiores placeat. Dolorem qui quidem facere ut aut ipsum amet. Dolorem sed dolores qui aut accusamus. Qui consequatur et veniam et.','1992-03-30 00:49:39','2003-09-02 03:04:52'),
('92','92','2','92','repellat','Sed et quia atque sed ut ex. Alias aut in et. Error et aut ullam error.','2002-03-27 01:56:03','2016-04-02 22:25:29'),
('93','93','3','93','eaque','Voluptatibus dicta sunt nostrum. Unde tempore tempora blanditiis. Animi repellendus et quis dolorum sapiente. Aliquid beatae natus praesentium quis totam eveniet.','1994-07-16 21:58:22','2007-08-22 11:50:04'),
('94','94','4','94','ratione','Non officia ad nobis. Ut vero et iste quibusdam possimus necessitatibus tenetur aut. Autem ratione asperiores aut. Maxime commodi aut molestias molestiae est soluta aut excepturi. Voluptatum aut omnis quis non ut.','1981-01-31 20:08:34','1984-03-04 14:37:54'),
('95','95','5','95','voluptas','Culpa soluta consequuntur reprehenderit fugit itaque. Nemo nisi quasi veniam quas maiores. Nesciunt ullam vel ut asperiores harum et.','2015-12-15 04:30:53','1981-12-16 17:00:34'),
('96','96','1','96','ut','Aspernatur officiis et dolor tenetur in. Quis perspiciatis enim a qui voluptates quis. Unde voluptas error nemo in sed fugit eius. Quae voluptas recusandae voluptatem amet eaque. Voluptas voluptate modi repellendus est.','1999-06-11 11:24:31','1970-10-28 20:48:32'),
('97','97','2','97','corporis','Ducimus voluptas debitis quia voluptatem sit eaque. Ut odio deserunt et ut exercitationem esse expedita. Vel molestiae libero voluptas est. Excepturi at eos quam animi iure.','1990-12-09 08:47:05','1990-04-15 06:01:13'),
('98','98','3','98','nobis','Sed velit architecto qui maxime autem at ipsam. Sunt sequi incidunt consectetur perferendis enim ut eveniet. Laborum eos perspiciatis voluptates sapiente eius qui laudantium. Ullam veritatis tempora rerum accusantium quam amet alias.','2007-09-06 18:56:29','1970-04-05 13:12:53'),
('99','99','4','99','eum','Voluptatibus eaque magni enim sunt. In doloribus autem qui explicabo vel et. Cupiditate rerum quos omnis cupiditate. Labore voluptatum doloribus sit corrupti et cumque.','2017-03-04 05:46:57','2020-02-25 15:47:23'),
('100','100','5','100','assumenda','Deleniti quae occaecati quaerat porro nam quod consequatur. Eos a recusandae quam dolorum cum magnam commodi. Enim totam neque et molestiae modi aut porro.','2014-11-11 17:13:30','1982-08-10 17:58:03'),
('101','101','1','101','sed','Repellat eligendi quis occaecati sit nulla id dolore. Voluptatem rerum exercitationem illum alias nulla. Minima officiis ea voluptas repudiandae. Est maxime maxime cumque.','1989-01-14 14:03:49','2004-03-28 15:13:19'),
('102','102','2','102','quibusdam','Officia sed ipsam sed porro vero perferendis sed reprehenderit. Nam assumenda quia libero et ipsum voluptatem eum esse. Aut illo voluptas est voluptatum harum id.','2016-04-17 14:22:20','1988-10-08 18:04:32'),
('103','103','3','103','non','Sequi ullam ut omnis. Repudiandae officiis soluta nulla laboriosam. Rerum porro odio deleniti ullam commodi reiciendis est officia.','1972-04-16 20:30:55','2010-06-24 11:30:22'),
('104','104','4','104','libero','Natus quasi consequuntur dolorem consequuntur. Vel consequatur libero alias a molestiae dolorem enim. Quia aliquid voluptatem et harum ipsa ut. Repellat adipisci dolorum quaerat temporibus.','1973-04-01 04:52:39','1986-08-21 17:15:08'),
('105','105','5','105','deserunt','Dolor laboriosam ab necessitatibus nostrum dolorem ut. Excepturi molestias ut qui totam. Doloremque explicabo voluptate minus enim rem vel.','2015-03-29 06:56:03','1990-12-03 04:57:06'),
('106','106','1','106','qui','Aut ut aperiam assumenda. Placeat est sint quasi est sapiente a distinctio. Corporis repellat itaque velit et. Rerum qui cum asperiores omnis. Quidem sapiente ad praesentium necessitatibus.','2012-09-08 06:44:21','1973-08-08 17:19:56'),
('107','107','2','107','ea','Voluptas nisi eaque voluptatum voluptas at facilis sit alias. Commodi quidem ipsam molestiae dolores nesciunt est. Quis sequi laudantium ut. Ullam iure officia accusantium fuga est dolores repellat.','2011-04-30 04:03:24','1998-08-01 12:28:42'),
('108','108','3','108','porro','Reiciendis voluptas optio quidem incidunt. Libero et neque quis repellendus. Non ut quasi et debitis ut.','2018-06-01 05:23:43','1987-03-31 00:40:53'),
('109','109','4','109','deserunt','Voluptatem sunt atque aut deserunt atque laboriosam consequatur. Vel sed sit dolore ex quo.','1978-06-11 14:51:40','1993-08-26 10:19:47'),
('110','110','5','110','earum','Porro minus animi a aut. Dolorum architecto dolorum voluptatem est et. Voluptas quidem voluptatem corrupti. Ea qui ut repellendus exercitationem voluptatem voluptas.','2014-02-16 01:58:35','1986-07-21 08:58:17'),
('111','111','1','111','at','Enim voluptas optio a vero architecto modi. Minus soluta ipsa ipsum est. Voluptatem quod nesciunt voluptate quo. Recusandae eaque aut delectus velit qui.','1971-06-01 15:33:05','1975-12-25 06:54:54'),
('112','112','2','112','dolorum','Et et dolorum natus dolor qui voluptatem. Suscipit deleniti unde eius voluptatem alias.','1987-04-23 02:46:52','1998-02-10 08:37:40'),
('113','113','3','113','hic','Quo quos id beatae necessitatibus. Nam consequatur architecto laudantium quod rerum qui quasi. Voluptatem quisquam et sunt odio dolorem. Cumque error nam illo numquam maxime est et.','2001-04-13 08:21:25','2014-08-05 23:33:00'),
('114','114','4','114','ut','Sit fuga et et unde ea eveniet. Consectetur aperiam vero sed dignissimos. Modi et non labore sit facilis. Accusamus nam occaecati quam nihil quibusdam.','1981-06-09 13:00:08','1999-05-15 09:55:50'),
('115','115','5','115','perspiciatis','Eligendi voluptate consequatur doloribus. Ullam eveniet non quis commodi minima omnis a. Ea consequatur blanditiis veritatis omnis sed nisi.','1986-12-09 19:12:11','1980-06-28 03:24:56'),
('116','116','1','116','corporis','Consequatur voluptates ipsam sunt eos dolores earum repellendus. Exercitationem perspiciatis architecto beatae error. Alias at perspiciatis ut exercitationem. Dolore voluptatem voluptas sed facilis quos incidunt voluptatum.','1998-08-07 05:51:49','1979-06-29 11:03:56'),
('117','117','2','117','sequi','Sed ratione recusandae iusto quo sed dolor. Ut qui et ut enim officiis. Qui distinctio aut minus laborum enim velit sunt.','2013-11-03 14:17:34','1999-07-23 01:39:46'),
('118','118','3','118','dignissimos','Nobis ipsam unde velit optio. Odit quidem qui sit eius occaecati recusandae non. Doloribus iste possimus consectetur voluptatum fugiat illum ipsam. At fugit sequi commodi minus sit illum ipsa doloribus.','2012-06-21 13:31:54','1997-07-19 12:20:25'),
('119','119','4','119','ullam','Modi ullam quam temporibus et totam possimus praesentium. Voluptatem qui sit molestiae dicta. Repudiandae et non libero sequi est laborum voluptate. Vero ut id atque et molestiae ipsam ullam quae.','1979-05-20 00:41:21','1983-02-18 17:53:50'),
('120','120','5','120','ullam','Tempore suscipit nemo repellat sunt sit voluptatibus quam. Laborum rerum molestiae dolor et ratione. Qui nesciunt dolorem qui sapiente. Consequatur rerum qui minus accusantium.','1999-02-05 07:49:07','1987-12-12 07:45:32'),
('121','121','1','121','voluptatibus','Explicabo autem eos id repellendus facilis sit. Facere dolorem laudantium quidem ad corrupti ut. Veritatis deleniti porro vero officiis nam ut nobis. Ea explicabo enim beatae distinctio fugit dolorem rerum itaque.','1986-03-22 19:11:51','2011-09-08 03:49:59'),
('122','122','2','122','vel','Et aperiam mollitia ipsa assumenda cumque amet. Odit laboriosam quia reiciendis modi dicta dolorum sit. Voluptatem quo illum corrupti deserunt.','2001-01-21 09:54:31','1972-08-17 03:29:57'),
('123','123','3','123','nostrum','Quaerat provident rerum qui at. Id veniam id est facere corrupti. Autem ea id et voluptate facere nostrum.','1979-09-03 14:08:19','1980-01-10 08:32:33'),
('124','124','4','124','ab','Dolorum sapiente tenetur illum aspernatur pariatur. Ut rerum sit voluptas. At totam unde quam qui ipsa adipisci. Vel similique iusto dolores dolorum ut. Iste explicabo tempore minus et dolores reprehenderit molestias.','1985-07-02 15:48:52','1987-10-19 23:58:22'),
('125','125','5','125','aut','Officia est perspiciatis deserunt sit voluptatem excepturi. Atque et veritatis sint voluptatibus eaque. Ut qui nisi qui unde. Quam vitae omnis ut praesentium ipsam qui.','1993-02-18 07:14:55','1981-03-06 02:02:09'),
('126','126','1','126','amet','Explicabo sit fuga tenetur aut esse. Asperiores iure iste eaque quasi odio ipsam consequatur. Molestiae quae totam fugit incidunt tenetur ipsam. Maxime unde est necessitatibus nulla. Voluptatem iure non culpa tempora optio.','1981-07-15 22:49:43','1995-10-27 04:48:29'),
('127','127','2','127','enim','Harum consequatur voluptas incidunt quia eum. Numquam animi molestiae qui qui dolorem ad cumque. Molestiae dolores fugit amet consectetur perspiciatis sit est. Facere dolor vel perspiciatis a eveniet deserunt inventore asperiores. Delectus non asperiores eaque itaque accusantium repudiandae.','2012-09-29 00:53:45','1984-06-24 12:56:36'),
('128','128','3','128','earum','Eos ipsum aut rerum distinctio illo rerum suscipit. Eligendi distinctio repellendus sit ipsa. Rerum culpa exercitationem iusto beatae. Excepturi deserunt quia fugiat similique corporis dolorem dolore.','1994-06-05 21:52:44','1979-09-30 23:32:24'),
('129','129','4','129','at','Et quo dolores ratione soluta. Non fugit voluptates asperiores sapiente praesentium velit. Asperiores sapiente dicta praesentium. Voluptas quo omnis reprehenderit similique ut.','2012-01-02 18:17:21','2012-03-12 07:54:13'),
('130','130','5','130','qui','Eveniet et consequatur at nemo placeat. Mollitia corporis quibusdam incidunt quasi commodi. Adipisci ad ab id. Eum ut dolores exercitationem.','2011-12-29 01:00:11','2013-02-05 06:52:28'),
('131','131','1','131','fuga','Enim aut aperiam et numquam saepe. Iste nobis tempora omnis. Est autem unde omnis dolor sit quos consequatur.','1996-01-01 00:37:39','2013-03-01 00:16:54'),
('132','132','2','132','in','Nostrum et perspiciatis omnis voluptatem enim quasi. Vitae explicabo dolores numquam in labore nesciunt. Numquam eos cupiditate quisquam. Aspernatur beatae impedit hic labore nostrum quo debitis. Ratione ut ratione qui cumque maxime delectus.','1970-06-16 23:56:55','1989-09-21 09:20:40'),
('133','133','3','133','sit','Ut sint nesciunt dignissimos quis sed. Voluptatibus et consequuntur libero a. Qui aut est quas voluptatem earum dolor. Dolores repudiandae distinctio eum voluptas odit labore natus earum.','1994-04-13 21:51:50','1974-10-24 13:16:55'),
('134','134','4','134','accusamus','Dolorem omnis sit exercitationem earum debitis. Cum cupiditate amet consectetur. Et impedit quis ea eius et.','2012-04-13 12:12:07','1972-05-22 17:25:31'),
('135','135','5','135','reprehenderit','Nemo non reiciendis unde vel earum. Repellendus magnam et velit dignissimos. Enim necessitatibus dolor ullam beatae dolorem voluptatem ea quia.','2015-11-23 01:34:59','2010-02-24 19:13:25'),
('136','136','1','136','quae','Iusto maiores qui accusamus qui odit velit dolore eaque. Sit officia repellendus explicabo officia laboriosam voluptatibus qui. Natus temporibus ipsum earum beatae quidem cupiditate.','1991-12-07 21:25:09','1981-09-18 02:43:25'),
('137','137','2','137','officiis','Optio voluptate similique facilis blanditiis enim fugiat. Soluta veritatis at consequuntur dolores. Rem et ullam labore quo et. Officiis a iure sapiente fugiat.','1979-08-09 07:20:58','1979-06-17 15:39:39'),
('138','138','3','138','assumenda','Excepturi porro ut atque ipsum. Quam voluptas labore enim recusandae. Sapiente sed minus atque eveniet tempora explicabo. Ut omnis excepturi facere quis debitis ea blanditiis enim.','2009-01-18 06:12:42','1997-04-07 21:14:52'),
('139','139','4','139','adipisci','Nihil corporis illum architecto in dolor. Expedita odit tenetur aut suscipit.','2001-07-22 16:27:57','2019-07-03 10:31:22'),
('140','140','5','140','sunt','Quia optio aut architecto et aut. Aliquam rerum ducimus et laboriosam aut. Corrupti error qui est quam eum quidem quo.','1976-06-08 22:10:57','1989-08-03 23:52:36'),
('141','141','1','141','tempore','Et minus recusandae veniam error ut tempore nesciunt. Et voluptatem ea non non numquam eius ut quibusdam. Cum aperiam voluptatum minus minus.','1978-01-27 16:42:57','1996-01-12 14:34:27'),
('142','142','2','142','minus','Ad qui velit dolor quis vitae. Aliquam ipsa quod rerum aperiam quae ea rem. Consequatur qui sequi natus aliquam. Voluptatibus tempore eius quo itaque ab et distinctio.','1970-08-21 03:33:10','1975-02-26 17:58:41'),
('143','143','3','143','occaecati','Iusto quibusdam placeat atque est doloribus omnis ut quia. Voluptas quia voluptas iure enim sit omnis in ullam. Rerum voluptate voluptatem aut sit enim repudiandae voluptatem.','1995-03-30 19:17:08','2001-10-27 22:56:38'),
('144','144','4','144','dolor','Iste accusamus nihil aut iusto. Velit accusamus aut ea minima aut. Provident ipsum aliquam et nulla id itaque.','1980-10-09 17:42:29','2010-06-23 02:09:04'),
('145','145','5','145','in','Dolorem odit qui labore laborum. Doloremque rem quo enim similique nemo quia quisquam voluptatem. Quia enim magnam et. Architecto quia aut vitae voluptatem ea.','1989-08-12 04:31:23','1976-03-04 00:40:11'),
('146','146','1','146','minus','Dignissimos voluptas veritatis aspernatur. Impedit sit minima voluptatem alias voluptatem omnis voluptatem temporibus. Pariatur minus veniam dicta itaque est dolorem.','2019-03-09 10:34:11','1992-04-23 16:45:14'),
('147','147','2','147','maiores','Itaque impedit similique ipsam facere. Hic enim impedit consequatur perferendis in est. Beatae tenetur possimus at incidunt facilis omnis rerum.','2019-04-13 03:35:01','1985-01-17 04:41:50'),
('148','148','3','148','necessitatibus','Et possimus et consectetur ipsam. Qui exercitationem aut reprehenderit iusto itaque. Error voluptatibus error voluptatum fugiat fuga voluptate. Et nisi facilis consequatur molestias.','1998-09-09 07:10:51','1993-05-26 06:13:56'),
('149','149','4','149','id','Necessitatibus corporis sit aut itaque reprehenderit fuga. Qui accusamus ab impedit dolor facere. Animi ut quisquam aut ea doloremque. Accusamus voluptate iusto ut nihil nesciunt. Dolorem sit fuga ut ratione dolor repudiandae non.','1980-04-30 12:46:41','1973-10-20 19:46:19'),
('150','150','5','150','ducimus','Molestiae error fuga commodi ea nobis blanditiis. Aut veniam quo sint voluptatem fugiat suscipit.','1977-10-15 20:20:39','1996-03-11 19:30:52'),
('151','151','1','151','adipisci','Labore veritatis libero corrupti occaecati fugit ab aperiam. Dolorem dicta aperiam commodi officia doloremque reiciendis voluptate omnis. Ipsam aspernatur placeat eaque cupiditate modi esse ipsam earum.','2012-11-17 18:36:07','2005-06-06 00:32:15'),
('152','152','2','152','qui','Et nostrum nihil optio officiis dolor sed. Accusantium et sit cumque id minus. Exercitationem consequatur officia ratione nihil fugiat sed aut impedit. Error culpa illum accusamus quasi facere dolor.','1973-02-04 20:02:29','2008-02-21 05:41:18'),
('153','153','3','153','eveniet','Sed quasi aut animi. Aliquid consequatur necessitatibus debitis voluptates impedit. Nihil nisi voluptas velit ipsa eos blanditiis. Fugit perspiciatis qui numquam incidunt quia iure ad.','1990-03-31 05:31:10','2005-02-24 19:04:15'),
('154','154','4','154','quos','Consequatur hic eos maxime sit enim eveniet. Sequi delectus earum similique autem qui. Magnam hic maiores omnis minima explicabo eligendi non. Qui debitis quibusdam excepturi voluptas iusto reprehenderit quis.','2003-11-29 19:18:17','2000-01-16 09:27:00'),
('155','155','5','155','alias','Odit consequuntur sequi dolore ipsa magni sit. Velit quibusdam rerum doloremque sed. Rerum ipsam labore numquam quis est maxime omnis quo.','2006-12-09 16:05:48','2002-05-27 00:04:09'),
('156','156','1','156','quae','Distinctio sit tenetur deserunt reiciendis. Occaecati quia nemo quasi iusto. Fugit beatae est minima atque est. Eius laborum aut consequatur nam quod.','1983-10-19 03:46:06','1997-01-08 12:02:38'),
('157','157','2','157','incidunt','Nostrum voluptates omnis porro labore omnis molestiae molestiae. Dolor laboriosam optio voluptatem qui repellat cupiditate porro vel. Hic soluta officia debitis quibusdam architecto ab impedit.','2007-06-22 09:13:31','1974-07-29 11:18:13'),
('158','158','3','158','aut','Quos eius voluptatibus non repellendus iusto reprehenderit in. Amet ad et aut omnis. Deleniti quidem vel rem molestiae dolor cum sed.','2014-07-28 12:49:08','1995-10-26 21:55:56'),
('159','159','4','159','amet','Qui modi repudiandae quia fugit ea qui. Dolorem sit ea incidunt omnis officia. Necessitatibus minima delectus quo natus. Incidunt iure voluptas sint voluptas aliquam quibusdam et et.','2010-08-08 17:59:19','1994-01-30 05:13:26'),
('160','160','5','160','error','Quidem omnis reprehenderit a porro labore aspernatur quidem. Soluta cum quasi pariatur voluptates aliquam aut culpa. Fuga ad nisi illo quos molestiae accusamus hic. Facere aperiam rem laudantium. Amet ut quos voluptate quo rerum beatae rem enim.','2018-01-16 15:23:46','2017-09-12 11:49:05'),
('161','161','1','161','aliquid','Nemo earum quis voluptates quasi consequatur autem ea. Tempore ipsum voluptatem in rerum ducimus. Quia veniam in doloribus quo earum sit.','2000-11-11 22:55:55','1972-11-04 13:56:28'),
('162','162','2','162','eligendi','Aut vero veniam nulla ut. Aut aut ea dolor voluptatibus. Perspiciatis sit ea quia consequatur nisi beatae. Ducimus eum voluptas debitis enim nihil sint.','2009-01-25 00:49:41','1990-05-23 11:18:11'),
('163','163','3','163','dolorem','Omnis fugiat quo ut dicta modi id distinctio. Natus et vel quidem tenetur nisi id aut est. Est quas officiis sed vitae. Odit illo natus qui.','2008-12-25 07:08:40','1980-03-21 06:17:25'),
('164','164','4','164','sequi','Esse excepturi fugiat eum est omnis est. Consectetur ut esse laboriosam quia minima iure debitis iure.','1990-01-07 11:26:46','2002-10-19 03:05:55'),
('165','165','5','165','et','Qui sed voluptatem quae doloremque beatae. Enim et iusto occaecati. Natus ut pariatur quos in.','2004-01-04 18:08:56','1984-11-16 22:48:55'),
('166','166','1','166','vel','Vero et iure magnam iure sunt cum. Dolor laborum tenetur et. Soluta sed ut accusamus accusamus et. Tenetur autem quibusdam eos dignissimos voluptatum ducimus ut fuga.','2002-11-21 10:38:31','1975-05-02 05:53:45'),
('167','167','2','167','temporibus','Tenetur voluptatem a quis minima pariatur magnam. Unde doloremque amet exercitationem possimus sequi sed nulla. Dolore aperiam est modi provident. Sint ipsum vitae porro at hic nostrum porro.','2005-09-30 15:13:04','2015-07-14 12:22:08'),
('168','168','3','168','id','Ipsum nostrum esse quibusdam harum nulla et. Impedit aspernatur explicabo veniam quo ut fugiat. Dolorum dolor ipsam voluptatem minus. Deserunt consectetur provident suscipit quam.','1998-03-24 10:13:15','2014-04-28 06:15:55'),
('169','169','4','169','reprehenderit','Quis accusantium dolor dolores earum non. Numquam facilis iste consequatur minus nostrum autem et. Voluptatem eum voluptas numquam impedit. Temporibus minus molestiae esse et voluptatum possimus voluptas quos. Sunt molestiae architecto vel necessitatibus est ea.','1980-04-12 09:43:22','1992-06-01 10:46:46'),
('170','170','5','170','sunt','Sint doloremque tenetur eos qui. Veritatis totam ut facere non. Doloribus debitis inventore nam impedit nostrum et cum.','2014-09-23 15:47:39','2010-02-18 22:54:40'),
('171','171','1','171','aliquid','Quaerat at omnis sed deleniti. Ut harum ea sunt. Dolores illo sapiente non impedit impedit ab sunt. Omnis quia voluptatibus quia quasi.','2000-12-28 02:09:31','2011-12-04 06:29:20'),
('172','172','2','172','molestias','Recusandae et et nesciunt hic dicta quisquam magni. Deserunt nobis ducimus labore illum similique aut repellat. Odio voluptatem sunt expedita eos dolore magnam facilis cum. Quidem tempore deserunt delectus ratione.','1978-08-19 16:38:06','1971-03-23 20:36:46'),
('173','173','3','173','reiciendis','Quibusdam sed illo doloremque. Aliquam ullam adipisci placeat dolorem. Dignissimos et rerum quo fugit. Amet error consequuntur deserunt.','1971-01-31 22:14:15','1987-03-27 05:36:31'),
('174','174','4','174','aut','Voluptatem voluptas cupiditate perferendis reiciendis. Inventore odit molestiae deserunt quia ut cum. Quos ratione laborum quia mollitia aspernatur reprehenderit.','1998-11-09 02:25:31','1999-02-13 17:42:41'),
('175','175','5','175','autem','Sint nulla sunt hic rerum in fugiat nobis. Quisquam ab odit nostrum. Consequuntur sunt ea aut odio aut. Repellendus nihil deleniti mollitia blanditiis.','2009-01-12 08:39:09','1991-11-29 19:21:20'),
('176','176','1','176','fugiat','Necessitatibus asperiores aliquam temporibus alias eum et. Est consequuntur ex minus. Ipsam sequi aut eos dignissimos est in. Dolorem iure nihil aut consequatur eligendi.','1999-04-20 15:18:38','1988-05-07 12:00:29'),
('177','177','2','177','debitis','Iure neque sint quisquam autem perspiciatis veniam. Aliquam ducimus consequatur minus et. Non aut autem dolorem et nisi rerum a. Ad aspernatur temporibus est harum in.','2000-08-23 09:50:29','1992-03-29 00:02:07'),
('178','178','3','178','sunt','Nemo et rerum error porro reprehenderit quas. Qui labore rerum repudiandae quia omnis. Facilis quasi et asperiores nisi est voluptatem sint.','1988-08-11 18:41:35','1993-07-08 05:21:26'),
('179','179','4','179','pariatur','Veniam nihil assumenda porro. Id voluptatem in velit a numquam est itaque maiores. Qui doloremque quibusdam architecto ex ea dicta. Minus ipsa ut quis temporibus quo.','1990-01-26 20:21:08','1982-11-27 06:23:08'),
('180','180','5','180','dicta','Temporibus omnis magni doloremque. Excepturi qui doloribus culpa rerum. Impedit magnam porro et.','2013-10-10 17:12:22','1970-10-19 11:45:43'),
('181','181','1','181','nesciunt','Nihil natus minima aut unde. Eveniet laboriosam facilis repellat sint doloremque.','1979-01-07 08:27:56','1975-06-15 10:16:54'),
('182','182','2','182','velit','Ex qui modi sed et officiis assumenda. Ut accusamus aut saepe natus voluptas. Ut eos quas voluptatem alias.','1990-02-01 19:10:19','1985-03-22 08:35:55'),
('183','183','3','183','est','Omnis ullam cupiditate nam autem. Aut tenetur consequatur deserunt fugiat assumenda itaque porro. Similique accusamus itaque sequi reprehenderit explicabo in perspiciatis. Neque quae consequuntur eligendi deserunt voluptatibus iure. Distinctio eum aut sit itaque.','2004-09-05 17:08:08','1978-01-09 16:09:38'),
('184','184','4','184','fugiat','Dicta numquam veniam in esse. Fugit tempore nihil vero laboriosam qui rerum repellat. Recusandae aliquid eum sed. Aut rerum dolor consequatur.','2012-06-18 10:04:58','1981-03-13 05:30:56'),
('185','185','5','185','neque','Autem aut placeat sequi consectetur quidem. Voluptatem quia dolores consectetur. Corrupti fuga vel sed minima soluta beatae. Odit optio et omnis voluptas quia.','1984-06-27 15:34:24','2003-11-22 21:14:40'),
('186','186','1','186','pariatur','Quae ut sit odit. Omnis necessitatibus at veritatis officia. Omnis quod et illum illo tenetur est saepe iure.','2001-10-24 14:21:50','2002-05-23 08:36:04'),
('187','187','2','187','enim','Eaque officia veritatis similique aliquid ipsa atque laboriosam. Beatae aperiam veniam placeat. Qui quisquam dolor sunt aspernatur dicta quia.','1989-08-25 00:32:10','2000-04-11 00:38:46'),
('188','188','3','188','asperiores','Numquam dolor architecto architecto possimus consequuntur pariatur. Est voluptatem voluptatibus atque voluptate. Eligendi consequatur sunt officia quibusdam. Aut laboriosam temporibus dignissimos.','1988-07-22 10:45:31','1996-12-23 04:49:25'),
('189','189','4','189','architecto','Incidunt ut voluptates qui cum atque numquam nesciunt impedit. Porro ab nulla et quis occaecati qui. Non ut recusandae quod et. Ut sed quas asperiores ut accusantium asperiores.','1978-09-13 08:37:53','1995-11-01 20:34:14'),
('190','190','5','190','corrupti','Ipsam ut iste aperiam libero modi. Voluptatem reprehenderit est suscipit dignissimos hic nihil. Aut sit consequatur ad quaerat ea. Hic sed ut eligendi doloribus consequuntur tenetur.','2005-05-06 00:28:37','2004-06-04 01:05:25'),
('191','191','1','191','est','Libero et voluptates eligendi sunt. Qui qui eligendi expedita et. Nisi odit velit illum natus repudiandae reprehenderit aut. Quibusdam et voluptatem accusantium dolor in.','1979-09-23 08:54:27','2004-05-24 15:53:35'),
('192','192','2','192','non','Non enim sequi et. Necessitatibus et ea architecto doloremque eos est sunt. Et non ut rerum velit. Non et consequatur ex earum.','1994-01-28 17:35:29','2007-10-20 07:16:55'),
('193','193','3','193','optio','Quam recusandae molestias quis quia. Reprehenderit aspernatur possimus temporibus libero est voluptates fuga et. Eveniet deleniti nisi eos non qui necessitatibus vero. Et perspiciatis aut doloribus dolores aut saepe animi ut.','1992-04-24 09:45:51','1999-12-09 17:33:54'),
('194','194','4','194','et','Delectus exercitationem asperiores distinctio eius. Nam quasi ea repellendus. Eaque reprehenderit autem ex accusantium est quam.','2014-02-12 16:19:28','1986-08-23 08:47:41'),
('195','195','5','195','ea','Voluptatibus quaerat consectetur praesentium repellendus. Nihil temporibus ipsa suscipit et ut ut. Dignissimos ut nostrum quod ducimus veritatis et labore. Aperiam autem consequatur voluptatem mollitia molestias.','2013-09-29 03:49:05','1979-02-17 21:53:21'),
('196','196','1','196','placeat','Quo dolorum tempore voluptatem rem. Et atque voluptatem molestias qui. Et sit eius rerum. Sit vero ut id ut sunt. Quia dolorum excepturi consectetur architecto sint distinctio.','2008-07-27 12:23:03','2009-04-21 20:42:18'),
('197','197','2','197','officiis','Quasi veritatis debitis qui qui. Perspiciatis rerum neque itaque aspernatur tempora dolor. Quisquam pariatur nam recusandae sed minus cupiditate.','2002-08-26 14:01:49','2007-06-26 00:47:48'),
('198','198','3','198','adipisci','Voluptatem quasi aut porro iure eum saepe est. Ab culpa recusandae deleniti est. Ipsam ut earum ducimus. Voluptates ut et ullam.','2016-05-23 07:33:43','1970-10-07 16:38:42'),
('199','199','4','199','placeat','Et sed repellendus veritatis debitis dolor tempore itaque iste. Consectetur itaque qui nihil facere cupiditate. Nulla veritatis omnis explicabo nulla et voluptatibus. Aut rem cupiditate nam et minus.','1992-04-16 19:47:03','1974-04-13 12:44:43'),
('200','200','5','200','est','Nesciunt saepe voluptatibus amet voluptas numquam quidem harum. A vel corporis error dolorem.','1976-12-04 20:37:59','1990-12-23 21:36:17'); 


DROP TABLE IF EXISTS `history_changing_articles`;
CREATE TABLE `history_changing_articles` (
	id SERIAL,
    `text` VARCHAR(255),
    created_at DATETIME DEFAULT NOW(),
    updated_at_id DATETIME ON UPDATE CURRENT_TIMESTAMP,
    FOREIGN KEY (id) REFERENCES `article`(id)
);  

INSERT INTO `history_changing_articles` VALUES ('1','Vel sint inventore et. Cupiditate odit enim qui dolor ex qui. Et perferendis sed qui est eveniet consequatur minima. Tenetur nostrum consequatur molestiae non molestiae vero.','2006-10-09 03:39:07','2012-08-16 01:57:20'),
('2','Delectus nemo et dolor nihil. Aut quas fugiat et totam culpa quasi. Inventore quia ea ut minima suscipit. Sunt soluta eius sed veniam illo minus distinctio.','2002-08-18 21:35:08','1992-12-22 12:47:44'),
('3','Ab sed numquam qui non in aliquid dolore. Rerum illo quia blanditiis voluptatibus autem perspiciatis suscipit.','1992-09-27 20:14:54','2001-03-19 04:42:51'),
('4','Animi esse et vero voluptas dolor. Corrupti nisi maxime quibusdam aut. Omnis iusto et ea non. Voluptatibus distinctio ducimus voluptates libero qui.','2000-08-18 11:23:20','1990-09-03 02:15:08'),
('5','Mollitia amet omnis assumenda qui. Perferendis ut laborum sed quia. Odit facere omnis est dicta omnis nam.\nAliquam quasi cupiditate atque nihil ut magnam. Saepe qui necessitatibus eaque cum illum a.','2006-03-21 19:01:58','2000-07-24 02:56:06'),
('6','Ut enim consequatur illo aut. Neque magni consequatur qui aperiam occaecati blanditiis. Aut inventore quisquam magni eveniet.','1977-08-06 23:00:07','2014-10-30 14:22:46'),
('7','Facilis qui recusandae illo totam placeat placeat ratione. Est animi consequatur qui eum ut perferendis. Non corporis mollitia et ut sed. Veniam magni hic numquam beatae suscipit cumque aperiam.','1978-10-10 21:20:38','1982-10-15 16:03:52'),
('8','Corrupti fugiat voluptatem hic sit. Tempore non distinctio reprehenderit quia dolor. Ea ea quos odit aut nobis. Provident voluptatem distinctio sequi accusantium ducimus.','1990-01-07 17:34:10','2004-05-20 05:02:24'),
('9','Molestiae pariatur sed quo aut. Est sed inventore amet aliquid est consequatur molestias debitis. Culpa earum ducimus nihil vitae dicta ratione.','1975-03-26 02:57:19','2000-05-22 05:26:48'),
('10','Dolor at aliquam vel deserunt est reiciendis doloremque. Quo ut est et cupiditate pariatur. Quasi in dolor reiciendis dolores eaque. In officia laboriosam distinctio molestias nesciunt similique.','1974-05-26 07:59:10','1972-04-03 01:19:31'),
('11','Impedit non commodi voluptatem aut nihil tenetur. Impedit rerum tempora ipsa omnis doloribus. Numquam rerum qui quo qui adipisci totam. Veritatis temporibus dolorum officia eos ratione.','1990-04-26 09:01:40','1973-06-11 21:45:33'),
('12','Deserunt in qui autem voluptatum odio natus optio. Qui molestiae enim est est aspernatur. Voluptatem fugiat pariatur voluptatum cupiditate qui. Neque nesciunt tempora atque nostrum omnis sequi modi.','2005-12-31 20:18:48','2013-04-24 23:45:42'),
('13','Nostrum animi porro reprehenderit voluptatem voluptas eius. Dolores voluptates quidem sed ad.','2000-09-08 20:09:29','1975-06-16 18:53:43'),
('14','Autem dolor eius omnis exercitationem maxime. Qui fuga commodi veniam est consequuntur sint at dolorem. Totam architecto nemo tempore accusamus.','1982-11-30 16:12:24','2008-12-30 09:17:32'),
('15','Qui in debitis fugit fugit assumenda similique qui quo. Illum velit ut quod. Accusantium illo omnis sed repudiandae voluptates reprehenderit. Mollitia qui quis ex rerum est eos.','2008-09-20 12:49:47','1991-07-29 09:40:41'),
('16','Aut quia perspiciatis error temporibus. Amet nobis dolores voluptatem aut ab tempora. Sint atque voluptatem enim et ipsum reprehenderit consequatur non. Minus dicta facilis dolorem cumque dolores.','2004-10-23 11:14:08','1971-11-05 00:34:55'),
('17','Occaecati consequuntur accusantium repellendus qui. Quod sed perferendis qui nam inventore. Fuga amet qui architecto et velit temporibus. Fuga nihil rerum maxime laboriosam aliquid.','2014-12-27 21:56:44','1986-06-20 23:12:17'),
('18','Provident ut id quia et. Facilis rerum odio itaque in qui omnis velit.','1974-05-24 06:29:20','2013-07-20 21:04:12'),
('19','Maxime ex possimus culpa quisquam magnam reiciendis. Recusandae aut vel aut voluptatibus explicabo deserunt. Dolor libero accusamus dolore vel fugiat dolorem cumque recusandae.','2006-02-01 21:30:10','1983-02-21 18:40:40'),
('20','Perferendis enim veritatis sit delectus et. Quam cum omnis voluptates eveniet quisquam. Beatae dolorem aut autem qui incidunt. Eveniet eaque mollitia labore veritatis odit ex soluta distinctio.','2018-09-07 00:26:28','1996-04-22 09:29:45'),
('21','Aut voluptate tempore est qui quia ut autem. Accusantium iusto cumque deserunt culpa fugiat dolores dolores iure.','1983-12-15 00:44:35','1975-10-11 04:54:32'),
('22','Sed illo voluptate nisi. Nemo vero et placeat est id dolores nobis.','1998-04-19 23:15:08','1991-08-31 15:30:09'),
('23','Facilis a debitis doloribus aut. Maxime est facere omnis omnis dolorem recusandae. Ea et accusantium qui assumenda et et illum officiis. Consequatur est maxime natus sunt.','1996-04-07 10:36:13','1976-10-06 03:12:13'),
('24','Rerum beatae cupiditate perferendis aperiam maxime porro et. Soluta doloremque a qui et et earum. Ad et libero est dignissimos. Ad blanditiis maiores et.','1981-09-24 11:47:33','2018-08-10 20:05:44'),
('25','Voluptatibus nam deserunt recusandae. Ex sed et ut officiis repellat. Consequatur doloremque veritatis fugiat quis ratione repudiandae molestiae et. Est illum quia id vel suscipit.','1973-06-21 11:42:03','1989-01-16 19:40:09'),
('26','In provident perferendis repudiandae sit cumque rerum est. Excepturi et quia laboriosam veritatis. Vel expedita odio natus.','1991-06-13 12:34:32','1970-08-07 21:19:59'),
('27','Qui sapiente aut voluptatibus et repudiandae voluptatum. Veniam soluta sit quidem illum ut qui. Fugiat voluptas sed ut autem voluptatem.','1979-02-02 15:54:23','2008-11-03 17:54:35'),
('28','Aliquam beatae repudiandae ut nobis. Et est voluptas consequatur veniam. Aut itaque culpa ea illo hic officia. Dolore unde qui velit facilis error sit.','1990-12-19 03:18:38','2011-07-16 16:20:55'),
('29','Non iure asperiores aperiam qui ut. Laborum temporibus sint aspernatur voluptates aperiam. Non molestiae impedit sapiente maiores iste aliquam et. Placeat nulla non voluptates molestiae odio qui in.','2004-11-04 04:53:33','2011-11-13 04:38:30'),
('30','Facere non iure explicabo numquam ullam quo. Iusto minima totam numquam quaerat. Vel assumenda voluptatem officia rem. Temporibus harum nostrum labore et itaque ut doloribus.','1978-11-14 07:05:33','2004-01-09 17:02:57'),
('31','At natus qui rerum ut aut possimus. Voluptas incidunt ut est est omnis tempora rerum. Quia sit rerum cum mollitia quis dolore molestiae voluptas.','1995-03-12 12:50:30','1987-05-12 21:59:44'),
('32','Nemo ut minus voluptatem illo facere. Quia quia et sit eos unde nisi non ipsum. Facere voluptatem modi facilis libero saepe vitae ullam. Delectus itaque facere sit sit.','2001-12-14 07:15:59','2007-03-28 21:40:40'),
('33','Sit quis et unde quia facilis ut. Totam sed consequatur dolorum quia. Omnis quae tempora velit distinctio ab minima a. Quo aliquid dolorum sequi accusamus animi sit nisi.','1987-08-14 10:52:26','1977-01-21 16:40:19'),
('34','Cum repellendus et architecto rerum sed et. Nemo et molestiae quia temporibus necessitatibus nemo iste. Distinctio aut quisquam enim distinctio.','2017-04-10 01:33:50','2013-05-05 15:43:57'),
('35','Recusandae ut maxime mollitia harum ullam. Ea ea voluptate est quaerat rem. Voluptatibus magni eos et perferendis. Rerum voluptates culpa ab autem blanditiis sit.','1979-04-01 00:12:00','1971-03-11 08:09:01'),
('36','Doloribus dolor ut libero odit pariatur odit eos. Porro vel ex pariatur sapiente unde assumenda omnis. Earum officia natus praesentium aut placeat accusantium. Accusamus veritatis qui sit corporis.','2013-05-27 00:27:59','1980-10-19 10:15:06'),
('37','Aperiam voluptates et dolor. Eligendi maxime necessitatibus et. Et aut necessitatibus quam maiores qui. Et corrupti autem deleniti odit.','1977-04-25 06:37:36','2006-11-04 17:29:44'),
('38','Et eaque voluptatem ipsam autem. Deserunt et ullam soluta aliquid qui.\nUnde dolor totam et nobis. Tempore recusandae aut quibusdam dicta et id voluptas aut. Non dolorem sed tenetur ut.','2003-10-25 05:00:55','2001-04-27 00:57:35'),
('39','Aut blanditiis libero delectus quasi. Aliquid ut quaerat amet ad. Est deserunt nulla assumenda sapiente eveniet. Voluptatibus ducimus odit sit eos.','2000-05-11 21:28:04','1986-02-26 08:17:34'),
('40','Corporis vitae itaque odit tempora. Asperiores maiores eum autem corrupti veniam repudiandae ex. Ratione omnis magnam commodi doloremque. Est quos perferendis voluptas repudiandae.','1996-03-28 08:37:41','2016-11-16 05:41:15'),
('41','Omnis velit dolore in dolorem. Ut ratione expedita sit. Eos excepturi suscipit excepturi modi odit aut.','1987-09-28 10:43:19','2012-05-09 16:38:40'),
('42','Fugiat impedit dignissimos pariatur in sed ea et. Provident sed et repudiandae debitis qui soluta voluptatibus. Ducimus quibusdam eaque iure commodi quis recusandae.','1975-09-24 20:18:26','2016-03-18 07:07:29'),
('43','Dolorem voluptatem reiciendis sint quos ut. Eaque repellendus odio porro vel tenetur. Dicta harum corporis quis officia laboriosam ratione beatae.','2000-10-01 03:04:29','1984-06-06 06:49:48'),
('44','Illo enim voluptatem et voluptatem quibusdam. Placeat fugiat assumenda deserunt quasi vel. Ratione est quasi quam voluptates officiis. Eaque illo est harum ad vel.','1998-04-04 00:33:03','1973-11-01 10:53:43'),
('45','Qui nam eveniet sit exercitationem inventore molestiae non. Pariatur officia repellat quod temporibus. Deserunt in sit autem perspiciatis ut. Culpa voluptates et corporis dicta illo.','1978-01-21 16:31:46','1979-01-05 08:48:52'),
('46','Optio nemo repellendus dignissimos qui neque voluptatem eligendi et. Perspiciatis ipsum itaque in labore magnam. Rerum repellendus voluptates eius recusandae.','1973-12-31 07:41:57','2002-11-17 16:45:53'),
('47','Vero unde quia corrupti non. Expedita odio labore soluta consectetur sed itaque harum in. Iste debitis dicta voluptatem numquam.','2020-01-20 17:41:43','2000-12-14 09:25:07'),
('48','Voluptatem ducimus consequatur ut. Aut rerum cupiditate rerum doloremque incidunt doloremque. Dolorem alias unde totam quo harum soluta. Rerum dolore earum sequi aspernatur consequatur.','2000-08-18 11:46:59','1990-07-01 13:57:56'),
('49','Quibusdam et occaecati laudantium hic. Quo delectus cumque nihil sunt dignissimos dicta. Vel debitis asperiores quia doloribus quisquam dolor.','2006-03-07 20:23:08','1971-01-05 09:24:31'),
('50','Voluptatibus quaerat quidem aut voluptas est. At voluptates saepe velit minima sit similique. Quis quas sit beatae recusandae facere labore laudantium.','2002-08-17 02:12:35','2012-12-02 23:02:50'); 



DROP TABLE IF EXISTS communities_categories;
CREATE TABLE communities_categories (
	id SERIAL,
    name VARCHAR(255),
    created_at DATETIME DEFAULT NOW(),
    updated_at DATETIME ON UPDATE CURRENT_TIMESTAMP
);

INSERT INTO `communities_categories` VALUES ('1','Development','2004-07-07 20:56:25','1994-02-13 05:58:07'),
('2','Technical support','2001-03-02 04:58:16','1998-09-08 22:07:38'),
('3','For beginners','1991-06-01 14:03:40','2011-01-19 15:40:16'),
('4','Help','1983-12-30 08:10:50','2001-04-22 06:30:16'),
('5','Arbor','1977-09-19 14:15:56','2004-06-08 17:40:36'); 

DROP TABLE IF EXISTS communities;
CREATE TABLE communities(
	id SERIAL,
	name VARCHAR(150),
	categori_id BIGINT UNSIGNED NOT NULL,
	admin_user_id BIGINT UNSIGNED NOT NULL,
	body LONGTEXT,
	INDEX communities_name_idx(name),
	FOREIGN KEY (admin_user_id) REFERENCES users(id),
	FOREIGN KEY (categori_id) REFERENCES communities_categories(id)
);

INSERT INTO `communities` VALUES ('1','omnis','1','1','Vel aut et in. Eligendi rerum aut a. Aspernatur a impedit dolores molestias voluptatem repudiandae. Voluptatem amet quis rem quas autem earum voluptates.'),
('2','veritatis','2','1','Fugit quia similique ducimus molestias delectus tempore ut. Commodi laudantium sunt consequatur itaque. Sed molestias cupiditate non. Quidem at impedit quibusdam ab id hic quia. Aperiam et cumque non ipsa eum repudiandae.'),
('3','animi','3','1','Aperiam nemo qui quas porro aperiam. Culpa dolor nihil amet eos tenetur. Soluta eum aliquam qui id veritatis saepe. Illum nihil placeat iure et et reiciendis.'),
('4','molestiae','4','1','Dolor repellat architecto ipsam enim est molestiae sequi commodi. Vel aliquid quia aperiam quia et. Quae magnam voluptatem aut ea dolorum culpa placeat.'),
('5','unde','5','2','Et ratione eius illum est dolores tenetur. Eaque quis cumque qui minima. Beatae aut sit ex eos nisi possimus. Iure voluptas commodi quos pariatur.'),
('6','dolores','1','2','Et corporis non similique possimus perspiciatis. Voluptatibus maxime itaque harum sit aut necessitatibus neque quam. Aut vero qui natus et. Asperiores ipsa quae rerum.'),
('7','iste','2','7','Aut nemo nostrum molestias consequatur qui. Quas sed cupiditate officiis. Velit consequatur corporis qui est non voluptates. Incidunt velit adipisci voluptas repellat eos. Sit aspernatur aliquid sunt enim earum optio reprehenderit.'),
('8','eveniet','3','8','Asperiores molestiae ipsa quas. Ut non doloremque odio libero facilis aspernatur aliquam. Vero necessitatibus soluta minus non.'),
('9','aliquam','4','9','Laboriosam nobis harum asperiores vel sit minima. Exercitationem commodi eum pariatur ut.'),
('10','reiciendis','5','10','Unde ratione at dolores rerum voluptatum. Commodi qui aut culpa quo et molestiae. Odio modi vitae aut odio vero sunt maxime. Commodi recusandae aliquam ipsa sunt impedit.'),
('11','sunt','1','11','Ipsum nulla nihil nostrum. Suscipit praesentium error iste ea. Ullam id quis quisquam possimus qui.'),
('12','voluptas','2','12','Impedit eum voluptatem et magnam voluptatum voluptatum. Et enim similique voluptatem sit est nesciunt.'),
('13','aut','3','13','Deleniti voluptas ea minus consectetur odit. Beatae commodi tempora debitis quae voluptatem. Repellat sed iure cupiditate ullam tempore. Non qui cum assumenda ipsam.'),
('14','ea','4','14','Nulla minus animi nobis commodi quo consequatur. Numquam aspernatur aut est ullam quam autem aliquam. Odio impedit nam tempora ut sed dolores.'),
('15','dolor','5','15','Enim aut perspiciatis odio doloremque enim. Qui velit aut quia. Non voluptatem animi illum rerum cum. Placeat et consequatur qui sequi reiciendis quidem hic.'),
('16','culpa','1','16','Repellendus consequatur odit magnam cum doloremque saepe consequatur sit. Quis delectus ipsa eligendi nostrum esse vitae. Deleniti blanditiis autem laudantium magni dolorem vel deserunt. Rem consequuntur ut laudantium a soluta enim quia.'),
('17','esse','2','17','Quia quod voluptatum quis autem et quae. Impedit voluptas autem eaque et asperiores vero corrupti. Omnis quos repudiandae tenetur vero quia. Odio ad corporis ut ullam.'),
('18','officiis','3','18','Aut architecto consequuntur necessitatibus facere. Labore molestias exercitationem aspernatur a. Sed dolore molestiae error voluptate. Tempore sequi voluptas tenetur provident dolorum porro.'),
('19','assumenda','4','19','Eum est illum velit nihil sint reiciendis cum sit. Quo quia exercitationem et velit repellendus. Minus laboriosam totam ducimus ducimus non.'),
('20','qui','5','20','Dolores eos est est earum voluptatem illum sed. Incidunt voluptas similique nihil cumque sit enim exercitationem. Amet sapiente dolor in totam.'),
('21','quaerat','1','21','Eveniet quis rem possimus ullam. Nulla minus molestiae debitis ut distinctio. Voluptatum aliquid vero corrupti et nihil.'),
('22','nisi','2','22','Iste libero laudantium sint nisi quod. Repudiandae nihil blanditiis officiis sapiente nihil reiciendis quae. Eos aliquam sed sit tenetur. Cupiditate voluptate nemo eos quos voluptatem minus enim.'),
('23','et','3','23','Placeat libero eligendi accusantium adipisci. Qui explicabo libero voluptatem incidunt eos. Quia labore voluptatem placeat quis non.'),
('24','dolorum','4','24','Eveniet iste natus est. Libero debitis possimus animi quod sint sint sit beatae. Ipsum rerum est fugit dolorum voluptatem. Odit nobis voluptatum ipsum et id fugiat deleniti. Explicabo facilis harum libero molestias dolorem.'),
('25','voluptatibus','5','25','Sunt quo commodi repellat ut rerum nemo consequatur. Autem et aspernatur esse reiciendis aut qui velit aliquam. Commodi ipsa enim perspiciatis suscipit sint. Molestiae debitis veritatis pariatur aut aut dolorum.'),
('26','minima','1','26','Quisquam vel dolores incidunt qui quia. Tempora et ipsam in magni molestias. Et enim nihil quibusdam quibusdam corporis voluptatum at dolorum. Perspiciatis ut doloremque dicta ratione consequatur. Officiis nihil nihil temporibus in.'),
('27','et','2','27','Et omnis velit nisi consectetur. Ducimus eum cupiditate ex quidem voluptas. Beatae id vitae ullam. Quis voluptatem voluptates ullam veritatis nam aut dolores a.'),
('28','id','3','28','Sit soluta libero nesciunt commodi. Sit non amet quis in. Impedit maxime dolore ratione eos earum et.'),
('29','officiis','4','29','Nostrum libero amet nostrum. Aut laboriosam voluptas voluptatem amet eaque veniam explicabo quia.'),
('30','quia','5','30','Saepe perspiciatis consequuntur quisquam praesentium. Eveniet quia error et quis non corrupti. Cumque possimus sed et. Atque consequuntur harum cum.'),
('31','maiores','1','31','Ipsum porro praesentium iure cupiditate rem commodi. Qui quis dolor et numquam quaerat. Nemo facere non reprehenderit architecto qui dolor sit consequatur. Qui vero id iure temporibus numquam fugiat impedit.'),
('32','nihil','2','32','Facilis veniam rerum iure harum. Est magnam minima vero occaecati. Non error aliquam distinctio adipisci voluptas dolorem. Nam velit aliquam repellendus reiciendis officia.'),
('33','consequatur','3','33','Velit ut et neque quasi alias accusamus. Aliquid quae quia provident aut odio fugiat minima. Quo corporis molestias voluptatum ex. Voluptate cupiditate quo dolorum.'),
('34','eum','4','34','Autem sapiente veritatis deserunt in. Ut qui repellendus sunt doloribus laborum beatae. Incidunt quasi odit saepe minus quasi ut sint.'),
('35','sed','5','35','Ratione vitae possimus consequatur et eos autem magni. A cupiditate maxime praesentium est. Est nostrum consectetur velit velit non.'),
('36','cumque','1','36','Ut ut doloremque voluptate voluptas voluptas et qui vitae. Quas eius est blanditiis quasi qui. Dolores vel molestiae rerum expedita quas sed corporis. Est aut dolores expedita provident quaerat quo.'),
('37','suscipit','2','37','Eveniet quod corporis suscipit natus ducimus aut maiores placeat. Qui culpa rerum sit ipsum.'),
('38','sapiente','3','38','Et consequatur est ipsam debitis. Aut eveniet similique officia aut maiores doloribus.'),
('39','sit','4','39','Laborum et exercitationem corporis. Necessitatibus similique temporibus repellendus incidunt voluptatem mollitia. Aut consequatur nemo repellendus perspiciatis sapiente dolorum molestiae voluptatum. Sit unde adipisci doloremque velit.'),
('40','natus','5','40','Natus autem est tempora quibusdam praesentium reprehenderit. Ea tempore eveniet aut officiis unde. Eaque asperiores omnis ut commodi vitae.'),
('41','non','1','41','Ut nihil dicta aut et possimus qui perspiciatis. Aut earum ut nisi. Earum vel voluptatem cumque possimus qui in eligendi amet.'),
('42','neque','2','42','Earum asperiores necessitatibus sapiente dignissimos non sunt sit. Quo ab est quo vitae nostrum quod.'),
('43','voluptatem','3','43','Delectus voluptas nam rem blanditiis officia beatae. Quae molestiae atque cum perferendis ipsam. Illo nesciunt reprehenderit aut.'),
('44','beatae','4','44','Voluptatem nesciunt totam sint sed nihil est fugiat sit. Voluptatem repudiandae voluptatem et voluptatem. Est voluptatem beatae nesciunt est atque. Temporibus vel eos dolorum facere molestiae velit quos sed.'),
('45','aperiam','5','45','Quasi voluptatem eos quia a. Et quae omnis expedita molestiae ut ratione sed. Commodi velit nisi repudiandae dolores et vel rerum et.'),
('46','qui','1','46','Doloribus qui ad consequatur non repudiandae enim enim accusamus. Cupiditate maxime modi eum perspiciatis non possimus voluptas qui. Laborum vel temporibus enim eius et voluptatem dicta. Velit voluptatibus facere quisquam cum ipsum iusto.'),
('47','quia','2','47','Et ducimus aut et adipisci expedita qui repudiandae. Ea animi reprehenderit et et beatae ratione soluta. Adipisci voluptatem atque ut voluptate adipisci eum vel. Voluptatum et voluptate architecto eos mollitia eaque eligendi rerum.'),
('48','blanditiis','3','48','Optio veniam et officiis et. Molestias iusto fugiat accusantium quasi minus vel ipsa. Velit velit sunt aut voluptatem nesciunt pariatur. Dolore ea laborum fugit natus ipsam ut. Qui qui quod autem accusamus beatae voluptates eum.'),
('49','quidem','4','49','Nihil placeat ut qui enim distinctio illo sit. Accusamus tempora dolorem tempora illum error magni necessitatibus. Occaecati consequatur suscipit ducimus ut qui animi officiis eos.'),
('50','magni','5','50','Voluptate reiciendis enim fugit debitis natus. At architecto et a maxime dolor. Minus occaecati hic eos atque. Quo libero quis labore vel.'); 



DROP TABLE IF EXISTS users_communities;
CREATE TABLE users_communities(
	id SERIAL,
	user_id BIGINT UNSIGNED NOT NULL,
	body LONGTEXT,
	community_id BIGINT UNSIGNED NOT NULL,
	PRIMARY KEY (user_id, community_id),
    FOREIGN KEY (user_id) REFERENCES users(id),
    FOREIGN KEY (community_id) REFERENCES communities(id)
);

INSERT INTO `users_communities` VALUES ('1','1','Ipsa at nemo magni earum. Voluptatem possimus excepturi quod officia est eos. Et dignissimos perferendis incidunt quia non veritatis consequatur non.','1'),
('2','2','Reprehenderit veritatis minima quibusdam qui. Officia dolor id eos ipsam eos. Aut dolores blanditiis debitis culpa officia voluptates et. Eaque eveniet laboriosam expedita omnis adipisci occaecati.','1'),
('3','3','Eum illum quia ducimus recusandae. Facilis iure molestias tenetur ab. Beatae consectetur aut officiis nemo minus iste provident. Similique quaerat et reiciendis qui deserunt non aliquam quidem.','3'),
('4','4','Et illum est adipisci qui fuga aut similique. Facere perferendis odit maxime exercitationem natus voluptas accusantium. Excepturi totam qui et ratione eum. Optio ex deleniti odio facilis voluptas iure.','4'),
('5','5','Minima ut vitae impedit omnis itaque voluptatum. Et qui qui earum impedit pariatur qui. Ratione porro dolore est sed voluptas quia earum. Mollitia consequatur qui laudantium maxime consectetur.','5'),
('6','6','Veniam voluptatem vero ea sunt. Odio voluptatem culpa quos aliquid. Provident eum dolor nihil explicabo.','6'),
('7','7','Exercitationem possimus eius beatae excepturi. Velit nemo ea qui. Provident sed atque voluptatum laboriosam voluptate mollitia veniam.','7'),
('8','8','Dolores et ea vitae consequatur est eos. Sint dolorem tenetur placeat tenetur modi.','8'),
('9','9','Dolore ut consequuntur quaerat ut ipsam tenetur voluptas. Natus similique beatae corrupti reprehenderit dolor. Velit culpa quo nam ut ipsum. Repudiandae quas sint a ut asperiores.','9'),
('10','10','Excepturi a ducimus qui. Animi pariatur vel quia non. Tempore non alias corrupti veritatis exercitationem dolores sint. Dicta voluptas ut assumenda distinctio consequatur ut.','10'),
('11','11','Nostrum suscipit voluptate natus cumque quo cumque similique. Molestiae ea eveniet sed quos ea sequi. Omnis quisquam ea excepturi est quibusdam dicta.','11'),
('12','12','Corporis perspiciatis aliquid est omnis rem maiores saepe. Quia maxime voluptate provident ipsam unde quibusdam voluptatum.','12'),
('13','13','Rem impedit optio quisquam corporis. Inventore qui incidunt qui dolorem quod. Vel veniam voluptatem dolores qui quis ut.','13'),
('14','14','Ut ut voluptates et quod consequatur cupiditate quasi beatae. Consequuntur facilis aperiam labore asperiores illo tenetur. Voluptatibus velit soluta quos dolore corporis tempora. Enim et eius nobis et vitae adipisci.','14'),
('15','15','Iste iusto pariatur veniam mollitia ratione facilis. Repellat ipsa praesentium omnis consequatur tenetur sapiente non. Iste et nesciunt dignissimos. Perferendis dolorem voluptatum incidunt perferendis.','15'),
('16','16','Occaecati eius a id tempore commodi. Magni aut sunt fugit possimus neque. Totam iste impedit qui. Possimus corrupti ut quisquam eligendi dolores ullam explicabo. Neque voluptatum ut recusandae.','16'),
('17','17','Eum ab qui repellendus nobis iste natus odio. Natus eum consequatur sit cumque. Voluptas nam rerum consequatur deserunt.','17'),
('18','18','Ea est et accusantium autem architecto debitis totam. Excepturi sunt dolores dignissimos ipsum ut sapiente vel. Labore inventore tempore velit fuga dolorum enim corrupti.','18'),
('19','19','Numquam ut et quis cupiditate itaque. Aut praesentium vero quo quae. Dolores minus impedit at et. Sed quo ratione optio dolore eius impedit et libero.','19'),
('20','20','Voluptas quae amet quas fugit. Corporis et perspiciatis autem debitis asperiores sed. Quo velit nemo voluptates dolor.','20'),
('21','21','Et laboriosam veritatis sint hic. Porro totam consectetur aut aut dicta aut eos.','21'),
('22','22','Vel porro tempore eligendi voluptas qui assumenda. Vel quos natus exercitationem aspernatur aliquam error amet repellendus. Fugit enim molestias hic quia voluptas id fugit.','22'),
('23','23','Vero fuga molestiae numquam. Aut nobis nobis nihil dolores voluptatem ipsa qui. Perferendis quia impedit ratione et.','23'),
('24','24','Nostrum eaque nulla dignissimos dolor consequatur. Placeat aut et qui fuga possimus aut. Voluptas vitae sint quisquam est reiciendis autem sequi.','24'),
('25','25','Dolores maxime repellat in ut corporis nihil vel. Sint aut tempora dolorum vel odit. Ex ut est omnis et ullam ea aut. Ducimus sed soluta omnis et aut voluptatibus sunt vero.','25'),
('26','26','Explicabo tempore saepe odit. Omnis veritatis eligendi consequatur eos. Ut quia impedit laboriosam maiores.','26'),
('27','27','Error iusto laudantium inventore eius consectetur et iure. Sint cupiditate ea dicta ullam libero dolorem quod. Distinctio mollitia veniam molestiae inventore sapiente qui. Officia totam modi fuga quasi hic exercitationem.','27'),
('28','28','Nesciunt deserunt totam et et officia reiciendis. Sint ratione eveniet eveniet excepturi. Molestias voluptate est aperiam nemo. Laudantium nisi sed quod.','28'),
('29','29','Amet autem consectetur laudantium eligendi assumenda exercitationem aut. Molestiae illo enim incidunt esse ex earum. Est nulla accusamus id dicta rerum reprehenderit accusantium.','29'),
('30','30','Est amet libero corrupti sed assumenda. Eveniet omnis qui rerum nostrum. Aliquid quam enim sequi minus ut. Neque voluptatibus libero vel ullam.','30'),
('31','31','Accusamus sed quisquam rerum. A magni libero qui error nesciunt accusantium nulla. Ut ipsa doloribus ipsam dolorem in quidem voluptas.','31'),
('32','32','Consequatur et sed et reprehenderit est. Eos fugit quae quod. Et voluptate molestias ea et id est. Ea unde ratione ducimus odio.','32'),
('33','33','Quae minima totam amet laudantium placeat consequuntur praesentium. Molestias in autem eveniet eos ullam similique est.','33'),
('34','34','Corrupti fugiat veniam eligendi. Et eligendi est nobis a distinctio culpa beatae voluptas. Ea nulla et a officia impedit veritatis. Et veniam aliquam velit magni.','34'),
('35','35','Fugiat quae qui quia mollitia recusandae consequatur aperiam aspernatur. Suscipit ab quia et officiis qui rerum. Rerum enim eos reiciendis dolorem in. Atque voluptatem ipsum provident dolores vitae et voluptatem. Et distinctio quia et itaque et.','35'),
('36','36','Corrupti qui fugiat nihil dolor. Quo tempora officia itaque minima provident veniam dolores. Quis est est vel mollitia numquam et accusantium id. Sed saepe eius culpa deserunt odit labore.','36'),
('37','37','Provident corrupti consequuntur voluptatibus id. Qui eligendi temporibus maxime ut enim ut eaque cum. Autem eligendi natus itaque ex ratione nemo.','37'),
('38','38','Quia tempore qui iusto non natus est quia voluptate. Iste odit rem rerum nemo. Voluptas voluptatem labore deleniti eum est sit. Accusantium quas inventore est suscipit aut et minus aut.','38'),
('39','39','Ullam sit beatae architecto dolorum quibusdam velit. Ut ex corrupti ducimus odio et. Adipisci aliquid est veniam nesciunt. Voluptatem quam perspiciatis esse quos ullam soluta voluptates odit.','39'),
('40','40','Autem nihil quisquam aut qui et consectetur. Aut temporibus ratione repudiandae repellendus. Accusantium soluta illum quos expedita est fugit.','40'),
('41','41','Voluptates laboriosam asperiores illum optio placeat cumque magnam. Doloremque ut iure cum inventore ut quis veritatis et. Quo earum reprehenderit architecto quo est sint. Doloremque in voluptatem nesciunt.','41'),
('42','42','Omnis dignissimos asperiores in. Explicabo et sed dolorum blanditiis et minima enim. Dolore harum sit atque sit. Totam aut impedit et velit.','42'),
('43','43','Laborum nobis corporis aperiam exercitationem. Incidunt ipsum ea ea harum laborum voluptatem qui quod. Commodi nulla aperiam repellendus ipsam eaque. Corporis culpa doloremque ab itaque. Iste quo et et quis quo vel.','43'),
('44','44','Omnis quia voluptas dolorem nisi. Doloremque omnis iste deserunt eaque fugiat dolor nihil. Facilis aspernatur nisi sapiente quo debitis. Aspernatur odit aspernatur ducimus nulla.','44'),
('45','45','Quo praesentium assumenda nisi aspernatur possimus saepe iste. At sit natus doloribus non. Et et sit corporis eaque.','45'),
('46','46','Nihil laborum ut reprehenderit ex dolores amet voluptate iusto. Reiciendis quod culpa eum sit quis doloribus. Molestiae quo et ex eius velit doloremque nostrum. Voluptas sunt ipsum facilis id quibusdam.','46'),
('47','47','Aut eum corrupti in suscipit. In ea accusamus eius architecto. Quia ut ut dolorem et aut voluptas. Delectus fugiat necessitatibus eum corrupti.','47'),
('48','48','Odio voluptates voluptatem porro doloribus totam libero. Nesciunt porro cupiditate alias ut. Dolorem dolorem sit amet.','48'),
('49','49','Occaecati nihil qui aut. Quam earum id aut commodi dolor sint. Natus autem maxime exercitationem illum.','49'),
('50','50','Delectus totam sed delectus maxime accusantium sed. Quae voluptatem qui unde reprehenderit facilis error labore autem. Ducimus necessitatibus quo tempore nulla.','50'),
('51','51','Recusandae molestias ullam explicabo non id odit quod. Ex non eum sit reiciendis et dolor. Nihil iusto aut nemo vitae. Qui ab nihil consectetur non itaque quia perferendis officia.','1'),
('52','52','Non ut aut odit inventore et. Ut sunt aut impedit est tenetur omnis tempore. Error dolore magni velit recusandae sed vitae. Occaecati sed suscipit aut odit inventore vero. Placeat exercitationem totam quas reprehenderit officiis.','2'),
('53','53','Voluptatem quo molestiae earum sed esse molestiae. Corrupti fuga voluptas et eos eveniet laboriosam molestiae.','3'),
('54','54','Officiis ipsum ut rerum aut. Quisquam error sint in nihil. Amet culpa possimus quo et.','4'),
('55','55','Debitis voluptatem qui nemo enim doloremque. Quia impedit sit dolor vero alias quisquam. Nostrum placeat rem officia illum nihil. Eum eligendi aut ratione rerum eos. Voluptatem sed sunt veritatis autem quia consequatur in.','5'),
('56','56','Culpa rerum nihil ipsum ut. Vel quia amet distinctio ea dolorum et vitae. Quas velit dolores omnis qui quas quia. Voluptates earum et laboriosam in consequatur placeat cum.','6'),
('57','57','Repellat quia autem qui. Optio velit quas excepturi ea.','7'),
('58','58','Quia placeat quis qui enim impedit. Est consequatur non provident doloremque quia possimus itaque. Voluptatem vero quibusdam sapiente asperiores molestiae. Corrupti et nihil eligendi. Aut et omnis fugit quo est doloribus vero.','8'),
('59','59','Similique accusamus quae et officia occaecati enim. Repellat perferendis eaque tempore voluptatem eius enim nam illo. Mollitia sint ab voluptas eligendi aut dicta. Aut nihil suscipit beatae doloribus.','9'),
('60','60','Nemo aut praesentium maiores esse praesentium vel sit. Laudantium nihil autem quia et. Ut vel asperiores occaecati nemo odio. Alias ducimus in nihil sit doloribus.','10'),
('61','61','Tempora maiores consectetur quia quas porro. Harum facere quia tempora officia illum sint magnam. Repudiandae facere eos et quos repudiandae voluptas sint. Vel nihil eum architecto quos libero.','11'),
('62','62','Distinctio tempore est laudantium earum rem quo. Nostrum maiores deleniti dignissimos ab autem. Vel debitis veniam ea labore voluptate voluptatibus.','12'),
('63','63','Quae neque omnis fugit eaque delectus id. Et quidem dolore non omnis sunt itaque voluptatem tenetur. Voluptate error dolorem voluptates magnam ut ea sed non.','13'),
('64','64','Illum eos consequuntur cumque et error. Laborum autem doloremque sit voluptatibus delectus odit officia.','14'),
('65','65','Eaque rerum maiores blanditiis tempore et hic nihil quos. Molestiae doloremque libero dolores est qui id error. Harum consequatur et cumque non aspernatur. Aut voluptatum quia ut qui.','15'),
('66','66','Tempore qui commodi rerum deleniti. Sed voluptatibus repudiandae aut. Et asperiores voluptatum aut possimus. Est praesentium perspiciatis esse sit. Quis autem deserunt quo eos rerum sed est.','16'),
('67','67','Perspiciatis doloribus autem corporis omnis aliquam. Voluptates ab unde magni. Omnis at autem adipisci quia.','17'),
('68','68','Maxime omnis sit maiores qui voluptates. Ea rerum laborum aperiam quidem repellat. Dolorum et voluptas iusto earum fuga accusamus quam. Aut est nihil consequatur voluptatum eos tempore.','18'),
('69','69','Numquam soluta quia cumque sapiente non et assumenda. Dignissimos labore est sint in corporis. Dolor sapiente modi porro architecto quod impedit aspernatur ut.','19'),
('70','70','Ullam qui beatae fugit est blanditiis at. Nobis ut quos error a recusandae nisi quisquam. Porro adipisci accusamus laborum et necessitatibus sed ea.','20'),
('71','71','Molestiae nostrum blanditiis ut ut tempore labore voluptatem. Dolor in unde a deserunt unde non. Sequi dignissimos aut molestias repellat.','21'),
('72','72','Quia ab quas ducimus nulla. Assumenda dolorem consequatur consequatur voluptates itaque porro cupiditate. Amet sapiente enim temporibus nam. Nihil nulla magni odit et.','22'),
('73','73','Dignissimos porro velit debitis laboriosam. Qui vel fugit dolorum aut. Ipsum magnam id dignissimos sed. Aliquid dolorem optio dolores reprehenderit.','23'),
('74','74','Quis id illum odio fuga consequatur sunt. Enim voluptates doloremque consequatur ut.','24'),
('75','75','Accusantium consequatur veniam deserunt quo aliquid autem. Quo atque culpa quae id sed. Error est unde quaerat hic hic nihil animi quia.','25'),
('76','76','Nesciunt sit sit rerum assumenda unde. Possimus placeat nisi aut porro. Consequatur culpa qui consequuntur qui velit. Nostrum deleniti voluptas sit facilis cumque impedit tenetur. Dolorum perspiciatis nihil velit explicabo.','26'),
('77','77','Minus quae quaerat occaecati mollitia quo quod assumenda. Aut iusto necessitatibus iusto quae.','27'),
('78','78','Exercitationem cum modi dolor atque. Suscipit aspernatur nihil quis nesciunt error illo. Id voluptatem culpa quisquam ut quod. Quis nemo et possimus id adipisci soluta.','28'),
('79','79','Sunt dolorum in eos. Tenetur consectetur in ut consequatur. Totam vero hic perferendis non amet pariatur perferendis placeat. Rerum necessitatibus iure doloribus nemo eveniet consequatur.','29'),
('80','80','Harum qui soluta quia voluptatem iste. Est consectetur maxime dicta qui incidunt. Voluptatem cumque ipsum provident eligendi. Consectetur fugiat perferendis corporis quisquam corrupti. Mollitia id qui eius perferendis ipsa cupiditate minus.','30'),
('81','81','Magni itaque dolorem voluptatem illum veniam voluptatem. In odit fuga recusandae quo neque neque ratione. Quia odio harum laborum omnis et qui est.','31'),
('82','82','Magnam consequatur dignissimos suscipit voluptatem at a nostrum. Ex et impedit dignissimos occaecati sit. Perspiciatis et voluptatibus ullam et. Maxime et sed ipsum nemo quos est nostrum. Accusantium odio asperiores est suscipit.','32'),
('83','83','Ut iste provident quaerat tenetur. Adipisci sit deserunt maiores exercitationem voluptatum dolorum. Culpa ad et nostrum ea quo a consequuntur. Sint labore cumque consequatur necessitatibus cum similique qui omnis.','33'),
('84','84','Et praesentium sed omnis rerum officiis dolores eius. Ducimus quia voluptatem repellat dolor est et in. Ut accusamus maiores omnis perferendis corrupti iusto. Perspiciatis cumque et occaecati et ipsa.','34'),
('85','85','Voluptatem asperiores omnis sed qui ipsam nostrum. Id doloribus saepe non ut. Ut perferendis laborum odit qui minima. Eos quasi ea possimus eos ea.','35'),
('86','86','Vel non cupiditate non dolorem. Dolores ut fuga et autem perspiciatis. Et necessitatibus sequi a ea commodi accusamus. Voluptatum nam rerum doloremque vitae quo.','36'),
('87','87','Repellendus quasi earum quo qui est. Quibusdam voluptate qui harum laboriosam. Fugit ipsa et consequuntur doloremque. Iusto veniam libero dolore labore.','37'),
('88','88','Velit qui quia corrupti. Odio accusamus eos autem. Quas reiciendis quasi a quis asperiores sunt. Voluptatem delectus aut ut est saepe in doloribus.','38'),
('89','89','Sit ut et aut quasi nostrum sed. Totam ut nihil consectetur. In cupiditate inventore tempora qui vel facere. Enim et excepturi nesciunt error maxime necessitatibus. Deleniti numquam non fugit recusandae esse non.','39'),
('90','90','Libero iste minima omnis reiciendis debitis officiis earum. Et pariatur iusto aut quis. Exercitationem cumque molestias sint illo id consectetur et.','40'),
('91','91','Qui sit exercitationem quis nulla explicabo. Corrupti doloribus doloremque accusantium harum veniam fugit. Repellat voluptatem voluptatibus sint natus doloribus nulla dolor. Atque possimus in nemo velit in non.','41'),
('92','92','Ab vitae cumque occaecati nulla. Ut voluptatem dolor commodi aut nostrum. Sed voluptas et est recusandae.','42'),
('93','93','Hic neque ipsa placeat saepe quibusdam atque. Dolore quos corporis harum ex sit ea. Beatae voluptatem sint vitae.','43'),
('94','94','Consequatur neque consectetur ullam et. Recusandae assumenda unde sed cum dolores a culpa. Repudiandae nostrum aut vel veritatis fugiat. Atque commodi repellat impedit iusto consequatur.','44'),
('95','95','Quidem incidunt id aliquam sint iusto. Repellat perferendis ex non dignissimos ut voluptate tenetur ab. Dolorum voluptates debitis delectus eveniet. Perspiciatis dignissimos doloribus consequatur veritatis commodi.','45'),
('96','96','Et ea mollitia dignissimos repudiandae laboriosam. Harum dolor est accusamus dolore accusamus ut non. Cum eligendi delectus consequatur quod officia officiis.','46'),
('97','97','Quis porro odio recusandae fugit perferendis tempora omnis. Libero excepturi ea voluptas iste deleniti quos. Ut excepturi tenetur blanditiis explicabo voluptates et perferendis culpa.','47'),
('98','98','Soluta pariatur et et. Quisquam amet itaque eius saepe ex. Molestiae explicabo non voluptate veritatis tempora consequatur ab voluptates. Occaecati dolorem et animi libero voluptas laudantium possimus.','48'),
('99','99','Rem quis sunt illo molestias. Sit autem numquam distinctio cupiditate doloremque provident excepturi autem. Consequatur vero voluptatibus esse deserunt reprehenderit atque. Nemo voluptatem sunt porro est accusantium aut dolor.','49'),
('100','100','Dignissimos qui quia vel fugiat quia quis. Dolor consequuntur tempora itaque iste fuga ipsa. Pariatur quam cupiditate deleniti ut. Exercitationem id ipsum porro consequatur. Deleniti ab ratione illum nesciunt ullam qui.','50'); 



-- прочитаем про пожертвование

SELECT body FROM donations ;

-- Находим пользователя
SELECT login, email FROM users WHERE id = 1;

-- Данные пользователя 
SELECT 
	login, 
	email, 
	(SELECT filename FROM photos WHERE user_id = 1 LIMIT 1) as photo,
	(SELECT body FROM profiles WHERE user_id = 1) as bp
FROM users 
WHERE id = 1;

-- Узнаем какие категории статей есть на сайте

SELECT name FROM article_categories ac ;

-- Выбираем статью которую написал пользователь

SELECT heading FROM article WHERE user_id = 1;

-- установим пользователя с id = 1 в качестве админа ко всем сообществам

-- UPDATE communities
-- SET admin_user_id = 1;


-- сколько статей у каждого пользователя?  

SELECT COUNT(id), user_id
  FROM article 
  GROUP BY user_id;

-- Подсчитаем, сколько собрали комментариев посты в  сообществах пользователя

SELECT COUNT(id) AS n
  FROM users_communities WHERE community_id IN (SELECT id FROM communities WHERE admin_user_id = 1);

-- Узнаем в каких категориях находится статьи пользователя

SELECT login,email,heading,name
  FROM article
    JOIN users ON article.user_id = users.id
    JOIN article_categories ON article_categories.id  = article.categori_id 
  WHERE users.id = 1;
 
-- Просмотр сообщества,категорий и коментарии пользователей

SELECT
	(SELECT login FROM users WHERE id = (SELECT id FROM communities WHERE id = 1)),
	users.login AS Users, 
	communities.name AS head,
	communities.body AS admin_text,
	communities_categories.name AS categori,
	users_communities.body AS users_text
  	FROM communities
    	JOIN communities_categories ON communities.categori_id = communities_categories.id
    	JOIN users_communities ON communities.id = users_communities.community_id 
    	JOIN users ON users_communities.user_id = users.id
  	WHERE communities.id = 1;
  	
  	
-- Представление на сортировку 

DROP VIEW IF EXISTS cat_art;
CREATE VIEW cat_art AS SELECT * FROM wikipedia.article_categories ac ORDER BY name;

SELECT * FROM wikipedia.cat_art;

 -- режимы MySQL
-- select @@sql_mode;
-- set @@sql_mode = concat(@@sql_mode, ',ONLY_FULL_GROUP_BY');
-- set @@sql_mode = 'STRICT_TRANS_TABLES,NO_ENGINE_SUBSTITUTION';

-- Представление для того чтобы узнать сколько статей в каждой теме

DROP VIEW IF EXISTS cat_art_2;
CREATE VIEW cat_art_2 AS SELECT
	COUNT(categori_id ) as nc,
	categori_id,
	name
FROM article 
	JOIN article_categories ON article.categori_id = article_categories.id 
GROUP BY categori_id;

SELECT * FROM wikipedia.cat_art_2;

-- Хранимая процедура для пользователей которым меньше 18

DROP PROCEDURE IF EXISTS all_users;

DELIMITER //

CREATE PROCEDURE all_users ()
BEGIN
	SELECT updated_at FROM users
	WHERE updated_at > DATE_SUB(CURRENT_TIMESTAMP() , INTERVAL 18 YEAR) 
	;
END//

DELIMITER ;

CALL all_users() ;

-- Процедура чтобы узнать данные о пользователей по id

DROP PROCEDURE IF EXISTS data_users;

DELIMITER //

CREATE PROCEDURE data_users (id_users BIGINT)
BEGIN
	SELECT login,email FROM users
	WHERE  id = id_users
	;
END//

DELIMITER ;

CALL data_users(1);

-- Триггер для пользователей которые хотят оставить null поля с данными login и email.

DROP TRIGGER IF EXISTS val_var;
DELIMITER //
CREATE TRIGGER val_var BEFORE INSERT ON users
FOR EACH ROW BEGIN
	IF NEW.login IS NULL OR NEW.email IS NULL THEN
	    SIGNAL SQLSTATE '45000'
	    SET MESSAGE_TEXT = 'Bad values';
	END IF;
END//

DELIMITER ;


INSERT INTO `users` VALUES ('230',NULL,NULL,'7f8b492bed0ffa8417b9b157d1607e888880e960','1972-06-13 04:16:52','2005-10-08 13:47:29');
INSERT INTO `users` VALUES ('230',NULL,'dominique.ling@gmail.com','7f8b492bed0ffa8417b9b157d1607e888880e960','1972-06-13 04:16:52','2005-10-08 13:47:29');
INSERT INTO `users` VALUES ('230','mazie31',NULL,'7f8b492bed0ffa8417b9b157d1607e888880e960','1972-06-13 04:16:52','2005-10-08 13:47:29');
INSERT INTO `users` VALUES ('230','mazie31','dominique.ling@gmail.com','7f8b492bed0ffa8417b9b157d1607e888880e960','1972-06-13 04:16:52','2005-10-08 13:47:29');

-- Триггер для автозаполнение колонки categori_id

DROP TRIGGER IF EXISTS val_var;
DELIMITER //
CREATE TRIGGER val_var BEFORE INSERT ON article
FOR EACH ROW 
BEGIN
	DECLARE cat_id INT ;
	SELECT id INTO cat_id FROM article ORDER BY id LIMIT 1;
	SET NEW.categori_id = COALESCE(NEW.categori_id,cat_id);
END//

DELIMITER ;


INSERT INTO article VALUES ('253','1',NULL,'1','impedit','Vitae et omnis ut nulla maxime distinctio assumenda est. Sit minima ut sit odit. Corporis omnis praesentium omnis fugit aliquid ut. Atque dolorem atque voluptatibus.','1984-05-19 10:46:30','2010-04-05 00:30:55');

SELECT * FROM article;
